key,source,target
/AEC7AFFE43A9E5C1B6C0BBB725C44C7E,"""Man sieht nur das, was man weiß.""","""人只能看到他所知道的东西。"""
/2435EAD1464E1F469D379FB2CBE3F25E,0,0
/2E3E240F4B568DEE475DECBC488253CC,0,0
/4631D1F14678351027F634B3778C6CA8,1000Hz,1000赫兹
/66A2557B4DD0FFFB8A9C41B9D8AFBDBD,1000Hz/2000Hz,1000赫兹/2000赫兹
/58FBAD244889EEAFF386609DBCA51572,14:30 TRAIN TO GEMÜNDEN,14:30机车TO格明登
/69F6C8F04FCE296AC26475AAB7AA9B0B,2000Hz,2000赫兹
/9EBB01D54207340EA2CF588CE85CB0B0,500Hz,500赫兹
/629CB4AB44D5D8543C75E5B496104264,88,88
/899B35FE46398F6DCE1D7F82575AD6BD,88,88
/F6390D1244C2ABDED005B292B7764DE2,A change of pace as you take on the BR 185.2 freight locomotive and we start with some freight duties.,驾驶 185.2 型货运机车时需要改变机车操作，我们开始尝试一些货运任务吧。
/97E4E29648B0D7451ADACD865ED8207D,A key operational feature of this line is the need for heavy freight trains to be banked using a helper locomotive up the Spessart-Rampe.  Learn how this works and get in some experience.,这条铁路上的一大特征就是你需要用一辆补机来推重型货运列车爬上施佩萨尔特山坡。学习如何操作，积累经验。
/1403C53042F9BC40664F3394898C70BE,A lot of your time will be spent in the driver’s seat.,你的大部分时间将在司机座位上度过。
/14AE81994C0F4B947290CB9FE47B9C3E,A lot of your time will be spent in the driver’s seat.,你的大部分时间将在司机座位上度过。
/14FCFF30405778B404B242A428F20AD9,A lot of your time will be spent in the driver’s seat.,你的大部分时间将在司机座位上度过。
/161EC71B4881968FF296D7B8D715B98F,A lot of your time will be spent in the driver’s seat.,你的大部分时间将在司机座位上度过。
/5BC36B644078EEC1FE42E18CEE66B82F,A lot of your time will be spent in the driver’s seat.,你的大部分时间将在司机座位上度过。
/647F0B504C1D02AF9F3910BD5B9EBE73,A lot of your time will be spent in the driver’s seat.,你的大部分时间将在司机座位上度过。
/7EDED2D24D2FA807CFB001BEF664219C,A lot of your time will be spent in the driver’s seat.,你的大部分时间将在司机座位上度过。
/B8B3444648771138162648BDAD0E72B6,A lot of your time will be spent in the driver’s seat.,你的大部分时间将在司机座位上度过。
/C653257A4F7F7DB6DD542A9EF8A70FBF,A lot of your time will be spent in the driver’s seat.,你的大部分时间将在司机座位上度过。
/74B8C4DE414C0618699879B5648117FE,"A wondrous mix of steep gradients, scenic hillsides and swooping turns come to life in Train Sim World: Main-Spessart Bahn, a timeless freight-heavy and passenger-laden corridor through the heart of the German countryside.",《模拟火车世界：美因—施佩萨尔特铁路》（Train Sim World: Main Spessart Bahn）结合了陡峭的坡度、风景秀丽的山坡和惊险刺激的急转弯，完美重现了这条穿越德国乡村的客货两用铁路线。
/A0BFC18C48214C854E9E45AAA605095C,AIR COMPRESSOR,空气压缩机
/D863B8D84497947C38EA6E9E7C119482,AUTO RUNNER,汽车运输
/5B4078634C938AC00694978BAFE71744,AWS RESET,AWS重置
/AEDD89D04957082C3F244385F830C095,AWS RESET,AWS重置
/EFEAABA2449A23169329FA91C13ED014,AWS RESET,AWS重置
/C1855A50405FEB917AA5EDA8D9740DA2,Above Signal,信号机上方
/83AF7EE546C41673AD431E9442F45121,"Aid in the delivery of newly refurbished trains to the area, by completing the last leg into Aschaffenburg.",完成去往阿沙芬堡的最后一程，协助运送新装修的列车。
/456CB5B244850A5FAD1D288A30BE847C,Aim to bring the train to a stop within the green section of the marker up ahead,目标在前方绿色区域停车
/531C06B54E25F1FA5DD82D82E3BBF57D,Aim to bring the train to a stop within the green section of the marker up ahead,目标在前方绿色区域停车
/FDE8C4B0496218ECB8F680AC7EDBB10E,Aim to bring the train to a stop within the green section of the marker up ahead,目标在前方绿色区域停车
/4BF3E344482F7EDC2ED34691AA7EB11C,"Arrive at the summit of Heigenbruecken, a station which has now passed into history, ",到达海根布吕肯山峰上年代久远的车站
/AF289C834EDBC03F5AEFEC934C41F40D,"Arrive at the summit of Heigenbruecken, a station which has now passed into history, ",到达海根布吕肯山峰上年代久远的车站
/B20F0FD941E891C6F81B6889F015CF89,"Arrive at the summit of Heigenbruecken, a station which has now passed into history, ",到达海根布吕肯山峰上年代久远的车站
/28BBA37C4EA91E998987AC9E6B9EC421,"As you travel, be sure to repair any damaged fencing, ",在你开车期间，别忘了修复破损的栅栏，
/49A5CCD247CA80424AA4DBB4360BE0E5,"As you travel, be sure to repair any damaged fencing, ",在你开车期间，别忘了修复破损的栅栏，
/A01D630C429C31A770D9DC99590E4825,"As you travel, be sure to repair any damaged fencing, ",在你开车期间，别忘了修复破损的栅栏，
/0CC81239437777D8F27FDEBD3411F90F,Aschaffenburg,阿沙芬堡
/1E078F204FAC0DD28FE7EEAC8AE5D043,Aschaffenburg,阿沙芬堡
/7072B5B24FBDF6CD7B0040A3E1F52B28,Aschaffenburg,阿沙芬堡
/C94A8FF94E5631041D4281B9962D4AF7,Aschaffenburg,阿沙芬堡
/3661B5914EF9193A237AD4B963E87CC0,Aschaffenburg Hbf,阿沙芬堡火车站
/7A4A7DD64C34CEB7F5A6DB989A099D13,Aschaffenburg Hbf,阿沙芬堡火车站
/9799EB904410AE77DCDB239164B4A6AB,Aschaffenburg Hbf,阿沙芬堡火车站
/AA2E85404F263C04CD866F8169476087,Aschaffenburg Hbf,阿沙芬堡火车站
/AD7A3D6B4320B1AC3079CABA12A74606,Aschaffenburg Hbf,阿沙芬堡火车站
/B45B83B741C46190C56F21987040AD23,Aschaffenburg Hbf,阿沙芬堡火车站
/BD332B10417044715FA707B0A25CAA9A,Aschaffenburg Hbf,阿沙芬堡火车站
/BDF51470463062D6EAB4C7A341B8C18E,Aschaffenburg Hbf,阿沙芬堡火车站
/C2126A124E088179AF0BABAF0FD57322,Aschaffenburg Hbf,阿沙芬堡火车站
/C5438766427BEB014A1103BF982E9FF7,Aschaffenburg Hbf,阿沙芬堡火车站
/DDB121124A9C71EEEDB64EBA7C11CDA7,Aschaffenburg Hbf,阿沙芬堡火车站
/FC91FFF34B84BAC7CD5F4AA969AD0F4D,Aschaffenburg Hbf,阿沙芬堡火车站
/6612CA2846BB9428231F81B192283969,Aschaffenburg Hbf - Gemünden - All Stops,阿沙芬堡火车站 — 格明登 — 站站停
/8FBF37C246D2B74E2BDD079CE93E9FE7,Aschaffenburg Hbf - Heigenbrücken - All Stops,阿沙芬堡火车站 — 海根布吕肯 — 站站停
/6B0FACF842A5E5ED96C114B69B7B3C86,Aschaffenburg Hochschule,阿沙芬堡大学
/F73C229748EA1398ADBC4BA9A7CB99FA,Aschaffenburg Hochsule Platform,阿沙芬堡大学站台
/DD7E312244E4A73CC4B3FA865E3762C2,Aschaffenburg Industrial Siding,阿沙芬堡工业侧线
/583EA12A46C9E68B9A77D3AC1044A438,Aschaffenburg Line,阿沙芬堡线
/5F61F3CC478DAEF2A68BC0914A2A3A7F,Aschaffenburg Line,阿沙芬堡线
/B081257D4189E53308F4E383179B734A,Aschaffenburg Line,阿沙芬堡线
/F4EDE8294665F2C2E18998880A73AC36,Aschaffenburg Platform 1,阿沙芬堡 1 站台
/5B191241498D1D673335F38689ED76CA,Aschaffenburg Platform 2,阿沙芬堡 2 站台
/774ABFE8477E43245F599AA102902F5E,Aschaffenburg Platform 3,阿沙芬堡 3 站台
/B25A6105426FF3E5DC7EB2A7C18035D2,Aschaffenburg Platform 4,阿沙芬堡 4 站台
/897917464F9E74A6F20EC49AE9E397E0,Aschaffenburg Platform 5,阿沙芬堡 5 站台
/0542F27D4C38645A3F60F5A57F3AF289,Aschaffenburg Platform 6,阿沙芬堡 6 站台
/195F84FA45E4D78D29C307A32DBB42F3,Aschaffenburg Platform 7,阿沙芬堡 7 站台
/8164968B4749F044A1E6129A3FCEE6A3,Aschaffenburg Platform 8,阿沙芬堡 8 站台
/5A38BFC443A444C3E86DFFBA446BF586,Aschaffenburg Rail Yard,阿沙芬堡编组场
/905E303E43A9DB559E6EB38FAA9F08BC,Aschaffenburg Siding 105,阿沙芬堡 105 号侧线
/FD6C7A11451479F72A86B78CC9516E8C,Aschaffenburg Siding 106,阿沙芬堡 106 号侧线
/73BE6F20416F34C339063B938AB97ACD,Aschaffenburg Siding 13L,阿沙芬堡 13L 号侧线
/E4D86FFF43118810B25692B348DDC716,Aschaffenburg Siding 14L,阿沙芬堡 14L 号侧线
/801BCDBA49CB4E3456D6828CD2DDACBB,Aschaffenburg Siding 15L,阿沙芬堡 15L 号侧线
/C46479A742BA52A4FA0911AD8588A0D4,Aschaffenburg Siding 16L,阿沙芬堡 16L 号侧线
/7B708CCC4E3BB824BC82AF916EDA7771,Aschaffenburg Siding 17L,阿沙芬堡 17L 号侧线
/335D467E40FAFABB358B9CAD85BA3FE5,Aschaffenburg Siding 201,阿沙芬堡 201 号侧线
/1C8BE5BC4965BCAB78970C8806B1B0D6,Aschaffenburg Siding 202,阿沙芬堡 202 号侧线
/D552DB664226774C4FCD0182FA43A32C,Aschaffenburg Siding 203,阿沙芬堡 203 号侧线
/4198DD1C42B207D2661E468B1A2EC17D,Aschaffenburg Siding 204,阿沙芬堡 204 号侧线
/A9EE92E34B2C42743C0497BD8BD44BDA,Aschaffenburg Siding 205,阿沙芬堡 205 号侧线
/755D802E4FBB9754582E349141F39861,Aschaffenburg Siding 206,阿沙芬堡 206 号侧线
/29AB7FC0499C1871D2527CA00959BB75,Aschaffenburg Siding 207,阿沙芬堡 207 号侧线
/763F8ED345474A9FDBEEF2A3F1515517,Aschaffenburg Siding 208,阿沙芬堡 208 号侧线
/547ECD4B4AEEC5BC4AABE395E5FE99A7,Aschaffenburg Siding 209,阿沙芬堡 209 号侧线
/86926AC04E3E96DAA12B75B5B550A393,Aschaffenburg Siding 210,阿沙芬堡 210 号侧线
/C8E2911E45408849930305BD02BA4EAE,Aschaffenburg Siding 211,阿沙芬堡 211 号侧线
/85A9AF5F4D87A675F6090E97C8F8AFCB,Aschaffenburg Siding 304,阿沙芬堡 304 号侧线
/F8D18665405581D26874018873550734,Aschaffenburg Siding 352,阿沙芬堡 352 号侧线
/A23B495A4FEBD91C18941480D26334F5,Aschaffenburg Siding 408,阿沙芬堡 408 号侧线
/E43C91A24538FD869979CF99A15DED0F,Aschaffenburg Siding 409,阿沙芬堡 409 号侧线
/0DD384D94A7923924F9050BF5BFEA0D7,Aschaffenburg Siding 410,阿沙芬堡 410 号侧线
/6BB576204C3AA905511B82BE1AE5B7DF,Aschaffenburg Siding 411,阿沙芬堡 411 号侧线
/35BE53B748D98E719E32F5B860462651,Aschaffenburg Siding 412,阿沙芬堡 412 号侧线
/635591894D285303A06262B49BC2DEFD,Aschaffenburg Siding 413,阿沙芬堡 413 号侧线
/E4C0690A4AB8075A619FB4803650AFE0,Aschaffenburg Siding 414,阿沙芬堡 414 号侧线
/CC17A65F43CA7C3BAF3C9EB7CF9103E9,Aschaffenburg Siding 421,阿沙芬堡 421 号侧线
/17E49B7A4805453202C53CBB510F9C4D,Aschaffenburg Siding 423,阿沙芬堡 423 号侧线
/904CB7B5414317B8A8DD20B58B21683F,Aschaffenburg Siding 424,阿沙芬堡 424 号侧线
/155F78C448E18AFBD015F5A5173DDE26,Aschaffenburg Siding 425,阿沙芬堡 425 号侧线
/9D4328C74BE4747A4EF1C89BC22DC3CD,Aschaffenburg Siding 497,阿沙芬堡 497 号侧线
/6F8FF5024A90931E812F92B0CD7D19D6,Aschaffenburg Süd,阿沙芬堡南
/6848716D4F6D3FEC9456B3BFB741A5B4,Aschaffenburg Süd Platform 2,阿沙芬堡南 2 站台
/16844B8D4643552E0AF4BFA59D9B6EE3,Aschaffenburg Süd Platform 3,阿沙芬堡南 3 站台
/2B28FDC94976A78F13AED4A4046470D5,Aschaffenburg Süd Tunnel,阿沙芬堡Süd Tunnel
/9ABAF53B4E0DB40D925E51A44602A675,Aschaffenburg to Docks 1,阿沙芬堡到码头 1
/2B45843A4DDD9C9B2A5356A3635E0AC4,Aschaffenburg to Docks 2,阿沙芬堡到码头 2
/F34875944F3B72DE2D34A1BAE153FF2E,Aschaffhenburg Line,阿沙芬堡线
/D9B59D76422CBFC4A15FFFA051DFD0F3,AspectName,信号显示名称
/A93E9B954280DD26F4C03CA0E557ECD3,Assignment Arrow Both,双向任务箭头
/EE63EDE7418385042EDA45B3E6E23EF2,Assignment Arrow Left,指定箭头向左
/B3CD67DB45CD068D67D15B94B7A13325,Assignment Arrow RIght,指定箭头向右
/DCC9E53E4D44AC36BCD164A6359F7DD2,Attached,已挂接
/099CE0E5474345787636509296BE6B5D,Auto Runner,汽车运输
/C01A8A1A4D0AB39C01CA3FA630C75FB4,Await the attachment of the Banker locomotive,等待连挂辅助机车
/4FDC928D4206438222F60C95C95F2A44,BANKER LOCOMOTIVE,辅助机车
/E1C7CC9D47EED65C846F7C9E05F963B6,BANKING OPERATIONS,补机操作
/08ED1F1E485D2720D89176AD53892EC3,BATTERY,电池
/3F7C3C9F456DF8D32B5E0FB181E0AC40,BATTERY,电池
/9D090E5840389D7F10E186AC63E88890,BATTERY MAIN SWITCH,电池主开关
/01C496EF43C835A91A894890D0862C31,BOARDING TRAIN,登车
/6C00F5554F9B38DA8B187FAC79B032CC,BR 146.2 INTRODUCTION,146.2 型机车简介
/C409BE8243C87C6288C6FE9928013806,BR 146.2 Introduction,146.2 型机车简介
/8A8CE98E4E98567E5667C29902A62306,BR 185.2 INTRODUCTION,185.2 型机车简介
/197443E24A74174889E5A689B10E96C2,BR 185.2 Introduction,185.2 型机车简介
/0266378C4F1D72418240649CADDD6280,BRAKE HANDLE TEST,制动手柄测试
/137838E646D5FBD53859B6A9FE5B1AFF,BRAKE HANDLE TEST,制动手柄测试
/18CFF31542BC089C55638292BD05AB41,BRAKE HANDLE TEST,制动手柄测试
/3021479E4C4136F332C68EA8A391EC8E,BRAKE HANDLE TEST,制动手柄测试
/6CFE1BA94C6C765BB0C02ABB5FC184D8,BRAKE HANDLE TEST,制动手柄测试
/CA2B9F6A4721F76994259D9103E8CF39,BRAKE HANDLE TEST,制动手柄测试
/06CBC42A40E93443252596974082EE9F,BRAKE KEY,制动键
/215430034C65EAAC6FF184B3E02C2CC3,BRAKE KEY,制动键
/3369925B4A500A79C527D7BDD4D34004,BRAKE KEY,制动键
/7F993B76497B15E14E19AEBCB73325E5,BRAKE KEY,制动键
/89E9FC8542B5E0C47B9EE0B16BE73739,BRAKE KEY,制动键
/B35B826E4C1B48D4D070CBBC90BCBB05,BRAKE KEY,制动键
/181C92F94975C549E56A9EB19059BFF8,BRAKE SYSTEM,刹车系统
/1A67F3744F4EE795AB8AA0B464352EE2,BRAKE SYSTEM,制动系统
/6DF49EB9430A2AACB48438871140DAAE,BRAKE SYSTEM,制动系统
/7525645444DBE2295C80289829D1F975,Banker,补机
/382C58A745E79D7C2CCD468F7FD3EFAD,Become a Passenger!,做一名乘客！
/43CFD36D41C8F404B9FABB97EE41C5FB,"Before we go anywhere, the brake systems need to be fully charged. The system is powered by an Air Compressor.",行进之前，制动系统必须充满气。该系统由一台空气压缩机提供动力。
/52742EBE494A3B1EFA0700B61527222D,"Before we go anywhere, the brake systems need to be fully charged. The system is powered by an Air Compressor.",行进之前，制动系统必须充满气。该系统由一台空气压缩机提供动力。
/67FCB60A460901F5A2AE189BA4AECF57,"Before we go anywhere, the brake systems need to be fully charged. The system is powered by an Air Compressor.",行进之前，制动系统必须充满气。该系统由一台空气压缩机提供动力。
/9DA862E94884AA9507B2CF8E5C279276,Begin the hard ascent up the gradient to Heigenbrücken.,开始上坡，向海根布吕肯进发。
/7DDEF17D41DE421F696A588C88DF1F13,Below Signal,信号机下方
/D393BC8348C0641A8CFBF185511C78DC,Boarded a Train!,已登车！
/2A9F30904ECAB8BFF64179BA8967ADA7,"Boarding is now complete, set the doors to locked.",登车已结束，锁定车门。
/60A194294F29D3858FF9A7B50B847864,"Boarding is now complete, set the doors to locked.",登车已结束，锁定车门。
/803A87294F3A9E1A1A5BEFB43BED1202,"Boarding is now complete, set the doors to locked.",登车已结束，锁定车门。
/CD8A66344ECE3D641988DBBD4FBA85B1,"Boarding is now complete, set the doors to locked.",登车已结束，锁定车门。
/D10CE8A543A79769993A4BA5AA504FC7,"Boarding is now complete, set the doors to locked.",登车已结束，锁定车门。
/FF1A438249ACC745377C32B82C242B8D,"Boarding is now complete, set the doors to locked.",登车已结束，锁定车门。
/E5205A9D42404843681A2DB01B244F1C,Bring the service into Aschaffenburg Hbf,将机车驾驶到阿沙芬堡车站
/53C5ECEF46314AF0A20DC88CA20317EA,Bring the train into service at Aschaffenburg Hbf.,将列车驶出阿沙芬堡车站，投入运行。
/63A5B5724578E3AF9556E5B97AC9A003,CAMERA NAVIGATION,摄像机导航
/659274AC45E06354F1DAAA8A80999E68,CAMERA NAVIGATION,摄像机导航
/7BD04983440BD2EF52B76BA5FF8CE0EF,CAMERA NAVIGATION,摄像机导航
/F447B98C408EAB97F84EA384B5849013,CAMERA NAVIGATION,摄像机导航
/2ABC89F74B01FBAF62AA93A62AAAEF26,CAMERA NAVIGATION MODE,摄像机导航模式
/8E63EDCC4652B19AAE7BB29F35F3EF06,CAMERA VIEWS,摄像机视角
/A113597E4F64A0D84BADD3B8946226EF,CAMERA VIEWS,摄像机视角
/341BEC6B4BDF9B016D631181732FF3E4,CHANGE ENDS,交换头尾
/C1ECB7604390744C9B16AEBB183E6B80,CHANGE PLATFORM,更换站台
/72871752404EA3690EDD0AB71B9852C3,CHARGE BRAKES,为制动充气
/BAFE8E89438F65F05E29FB8EE5A82C98,CHARGE BRAKES,为制动充气
/E3A94A704061FBD8FCD0D88283B0C616,CHARGE BRAKES,为制动充气
/1AE0AE934F635C57F1FB3FB87C4B5900,CLIMB ABOARD,上车
/1EAA51F24DA99F386906149DA2D15334,CLIMB ABOARD,上车
/1ED2D7BA4C99AD7EA141FD971C6D21ED,CLIMB ABOARD,上车
/2FEE908C4933D26AEE5CDC8E1EF00F0B,CLIMB ABOARD,上车
/3E3DF9054DF50C2C3DEBBA8B4923CAD9,CLIMB ABOARD,上车
/485908A44C9FC547854A51882E6E8371,CLIMB ABOARD,上车
/714D5D31414D65D119971B9451F41BEC,CLIMB ABOARD,上车
/90B08C4B4196BD1282956D95095CB39A,CLIMB ABOARD,上车
/9C0B184944902682AB8161AEE7FB535C,CLIMB ABOARD,上车
/E388E1DA4FE1FEF8A87AD1B1460F791D,CLIMB ABOARD,上车
/F69826924A70A1FA543556AAB4AA9532,CLIMB ABOARD,上车
/2E631C9B4BC9F2A24AE7CDBF55AA7580,CLIMBING ABOARD,上车
/A86EFB484205D9F49DFDA19101EC1CE6,CLIMBING ABOARD,上车
/D0727CC14FF1BF114F93F994544F7E7C,CLIMBING ABOARD,上车
/5AA97398421BF7C49C6C9BBC71AE7ECB,CONSOLE CAMERA TIPS,游戏机摄像机提示
/C264BAC34303035050FB08B1F917614E,CSXPalette,CSX 调色盘
/7288296646339A42AD4DBB8ECB8C889B,Camera 1,摄像机 1
/B3F1FA904AAFF84690617E9352534D35,Camera 2,摄像机 2
/A4F2687A4CE24CD64C6F9A95B700EEB8,Center,居中
/D789AA6A44331D349E4EE6B78CB09F5C,Center,居中
/9180972A4ABA7B1CFEA3729653CD990D,Change ends and get some experience driving the train from the Cab Car.,调换车头和车尾，积累从控制车驾驶列车的经验。
/0F80B9974A4EEE8A59C966B3C765B0C1,Click the Right Mouse button to switch between Mouse Look and Mouse Control mode,按鼠标右键来切换鼠标观看和鼠标控制模式
/DBC11CB14856F00C8E3E618E95B44CC7,Click the Right Mouse button to switch between Mouse Look and Mouse Control mode,按鼠标右键来切换鼠标观看和鼠标控制模式
/F5C3907947F819DAC69BB0B8229C9B3E,Click the Right Mouse button to switch between Mouse Look and Mouse Control mode,按鼠标右键来切换鼠标观看和鼠标控制模式
/B8BF6D1246F32DB46D72F5B85C99C0EF,Click the Right Stick to switch between Camera and UI Navigation,按下右操作杆在摄像机与 UI 导航间切换
/CEFB16234F647FC918AFB8A6F4B019A9,Click the Right Stick to switch between Camera and UI Navigation,按下右摇杆在摄像机与 UI 导航间切换
/F32C357F40329EA7FF94BBA206420B64,Click the Right Stick to switch between Camera and UI Navigation,按下右摇杆在摄像机与 UI 导航间切换
/8BB12E8B4455665073ECCEBB64A18116,Climb aboard and activate the Battery by holding it for 5 seconds,上车并按住电池5秒以激活它
/B2EF115244C2A5891CF80C8AC608B100,Climb aboard and activate the Battery by holding it for 5 seconds,上车并按住电池5秒以激活它
/14A4989D49D03254C2F879A4A26AEBD0,Climb aboard to get started.,上车准备出发
/24209A114AA288416AE20EBB1DE2DBC8,Climb aboard to get started.,上车准备出发
/3E41C858443885FC4A082F96C2348483,Climb aboard to get started.,上车准备出发
/4A6846B740B62B739BAC2E98A16F094A,Climb aboard to get started.,上车准备出发
/61D326CC404218E934F260804F555E1A,Climb aboard to get started.,上车准备出发
/BA3485A7452F9905B34C5994041651C0,Climb aboard to get started.,上车准备出发
/D1C2625A438E2744756F76BA14023236,Climb aboard to get started.,上车准备出发
/D7009FB84E77F0CBF5D6EEA13D76E31F,Climb aboard to get started.,上车准备出发
/FF95980B4E47CBD0D2DDC1B511AB3320,Climb aboard to get started.,上车准备出发
/9B1BC8F546FA3F88ACDA73A021014251,Climb down and ensure the locomotive is locked,下车并给机车上锁
/3EA88B4149F9F61CFF1DD99F9D0121F3,Climb down from the train to complete this duty.,下车完成任务
/F36F62DD41F222E3846E2A8E57AE7CA6,Climb down from the train to complete this duty.,下车完成任务
/2CCBDCA34592F732D833BB821D85BB00,Climb down to complete this duty,下车结束任务
/5131F53847B4E29D4A2D46AD1DE32D9A,Close the Main Circuit Breaker,关闭主电路断路器
/CBDACC6244C5032086B2E097E0F5CB77,Close the Main Circuit Breaker,关闭主电路断路器
/1B24A8B94C52317EFAC3289C852A7343,Close the Passenger Doors,关闭乘客车门
/08845764403B5D5E3178C689FCF122BF,"Coasting is a method used to easily move without engaging power. On a flat gradient, this is great for maintaining a speed limit.",空挡滑行是一种无需动力便可轻松前行的方法。在平地上，该方法可用于保持时速。
/14EC00354DCF8E393C76AEB40F0B97F3,"Coasting is a method used to easily move without engaging power. On a flat gradient, this is great for maintaining a speed limit.",空挡滑行是一种无需动力便可轻松前行的方法。在平地上，该方法可用于保持时速。
/356326ED4BBE95F37647E6BD3E2538E5,"Coasting is a method used to easily move without engaging power. On a flat gradient, this is great for maintaining a speed limit.",空挡滑行是一种无需动力便可轻松前行的方法。在平地上，该方法可用于保持时速。
/656E999C45A45815E7297CA923316B43,"Coasting is a method used to easily move without engaging power. On a flat gradient, this is great for maintaining a speed limit.",空挡滑行是一种无需动力便可轻松前行的方法。在平地上，该方法可用于保持时速。
/8BF8FF0A423C8326FD2E5393EDF322BD,"Coasting is a method used to easily move without engaging power. On a flat gradient, this is great for maintaining a speed limit.",空挡滑行是一种无需动力便可轻松前行的方法。在平地上，该方法可用于保持时速。
/8C113011436F3FA467FF75BDC5704965,"Coasting is a method used to easily move without engaging power. On a flat gradient, this is great for maintaining a speed limit.",空挡滑行是一种无需动力便可轻松前行的方法。在平地上，该方法可用于保持时速。
/93F9286F4D8B1EA993DD43BA2079D79A,"Coasting is a method used to easily move without engaging power. On a flat gradient, this is great for maintaining a speed limit.",空挡滑行是一种无需动力便可轻松前行的方法。在平地上，该方法可用于保持时速。
/A91E6DC947FCBF5E07DA1686017B2D01,"Coasting is a method used to easily move without engaging power. On a flat gradient, this is great for maintaining a speed limit.",空挡滑行是一种无需动力便可轻松前行的方法。在平地上，该方法可用于保持时速。
/DD8A3D224C4E3F79DBA098AA301ED0BB,"Coasting is a method used to easily move without engaging power. On a flat gradient, this is great for maintaining a speed limit.",空挡滑行是一种无需动力便可轻松前行的方法。在平地上，该方法可用于保持时速。
/351CAD6748D5765BD9B32A920D2D56ED,Construction Site - Main-Spessart Bahn,建筑工地 — 美因—施佩萨尔特铁路
/BB0DED7A4973ECA803D9B8B68BF2471F,Continue your journey from Heigenbrücken to Gemünden.,继续你从海根布吕肯到格明登的旅程
/7E1901BF45B9EB12A28E8DA09FAA3DC2,"Continue your journey into Train Sim World as a new Driver on the Main-Spessart-Bahn, developing your skills as both Pasenger and Freight driver.",作为一名新手司机在《模拟火车世界》的美因—施佩萨尔特铁路上继续你的旅程，提高你的客运和货运技巧。
/7C3A09CD4278F4A5282E2391C2EC2E6C,"Convey a train of new cars down to the yards at Aschaffenburg, for onward shipment from the port.",将一辆载着崭新汽车的列车拉到阿沙芬堡的站场，之后这些车辆将从港口运送至其他地方。
/844E072D4A7FD6F6C4D1169CB798B529,DB (Black on White),德意志联邦铁路（白底黑字）
/F3B2157B4D5672ED175FCFB58AA439F9,DB 83101 Aschaffenburg - Laufach,DB 83101 阿沙芬堡 — 劳法
/1976420144CE51A1A7DE6EB11538BD36,DB 83102 Laufach - Heigenbrücken,DB 83102 劳法 — 海根布吕肯
/8BDC406143C8A2C1D96D8597DFC76FFE,DB 83103 Heigenbrücken - Gemünden,DB 83103 海根布吕肯 — 格明登
/86551B0847CAE0998A09A5909190BB4B,DB 83105 Aschaffenburg - Laufach,DB 83105 阿沙芬堡 — 劳法
/1D2C34AA48C60020257231BD8709309E,DB 83106 Laufach - Heigenbrücken,DB 83106 劳法 — 海根布吕肯
/AAEBA0F1444FD79E296E8295EAF3D01B,DB 83107 Heigenbrücken - Gemünden,DB 83107 海根布吕肯 — 格明登
/A3C0340F426763C97042A8BDD3342463,DB 83109 Aschaffenburg - Laufach,DB 83109 阿沙芬堡 — 劳法
/BBA08FE6400256BC25A89C87A20C5067,DB 83110 Laufach - Heigenbrücken,DB 83110 劳法 — 海根布吕肯
/484997974DF02E7DA0C2659BE2BFB3E2,DB 83111 Heigenbrücken - Gemünden,DB 83111 海根布吕肯 — 格明登
/B1E405324763AA583B5B358653AA2C87,DB 83113 Aschaffenburg - Laufach,DB 83113 阿沙芬堡 — 劳法
/D5433617480F9754E86804BE42B67B66,DB 83114 Laufach - Heigenbrücken,DB 83114 劳法 — 海根布吕肯
/19183D6343415AAC89D4D682E1A10336,DB 83115 Heigenbrücken - Gemünden,DB 83115 海根布吕肯 — 格明登
/1D0565EB4C1B3D8295F38FBB42A703A6,DB 83117 Aschaffenburg - Laufach,DB 83117 阿沙芬堡 — 劳法
/E222986544CAB6546E6286A068059647,DB 83118 Laufach - Heigenbrücken,DB 83118 劳法 — 海根布吕肯
/34F73BF5492DF25E91ED2ABD8B97FCFD,DB 83119 Heigenbrücken - Gemünden,DB 83119 海根布吕肯 — 格明登
/0F14E453465346A2C6FA8AA5A0CFEE60,DB 83121 Aschaffenburg - Laufach,DB 83121 阿沙芬堡 — 劳法
/8C1DB5714E34B1E39A8923BF0906A88A,DB 83122 Laufach - Heigenbrücken,DB 83122 劳法 — 海根布吕肯
/EE10AFB34D205D25C5C950A0271BBCA0,DB 83123 Heigenbrücken - Gemünden,DB 83123 海根布吕肯 — 格明登
/77FF943D476A6F7041EDD18DD78241A7,DB 83125 Aschaffenburg - Laufach,DB 83125 阿沙芬堡 — 劳法
/6FCFB36145C2BD0A9EA80FA4130613B0,DB 83126 Laufach - Heigenbrücken,DB 83126 劳法 — 海根布吕肯
/69013C124BE8E9E573887F9117AABA56,DB 83127 Heigenbrücken - Gemünden,DB 83127 海根布吕肯 — 格明登
/D10EDC624E2D8FDA4704619FE1A2648D,DB 83129 Aschaffenburg - Laufach,DB 83129 阿沙芬堡 — 劳法
/050418FB4660965413D678B6D775F238,DB 83130 Laufach - Heigenbrücken,DB 83130 劳法 — 海根布吕肯
/4FC87D9C4786719C8F5866988345A106,DB 83131 Heigenbrücken - Gemünden,DB 83131 海根布吕肯 — 格明登
/999F03834D5D707C72FE249D08D9712D,DB 83133 Aschaffenburg - Laufach,DB 83133 阿沙芬堡 — 劳法
/E2E6579441FAD2C052429681207F5C6C,DB 83134 Laufach - Heigenbrücken,DB 83134 劳法 — 海根布吕肯
/85514FBB412BAC8768321C89FB979180,DB 83135 Heigenbrücken - Gemünden,DB 83135 海根布吕肯 — 格明登
/F8922EB040D3CF812354009A36876DDE,DB 83137 Aschaffenburg - Laufach,DB 83137 阿沙芬堡 — 劳法
/1E1C46084E36D76D6F67649DD8266A82,DB 83138 Laufach - Heigenbrücken,DB 83138 劳法 — 海根布吕肯
/F7798BD9451A92825E1129A1FE378FBF,DB 83139 Heigenbrücken - Gemünden,DB 83139 海根布吕肯 — 格明登
/9B8BBB8C4FC4844D4C7B6CA27E166E50,DB 83141 Aschaffenburg - Laufach,DB 83141 阿沙芬堡 — 劳法
/6F55756A48650A5C9DFE7E8B8278C3B0,DB 83142 Laufach - Heigenbrücken,DB 83142 劳法 — 海根布吕肯
/75855D2E44CA5F91ACAC18AB8EADD500,DB 83143 Heigenbrücken - Gemünden,DB 83143 海根布吕肯 — 格明登
/B465734E43A359949609FC9CD73AEB21,DB 83145 Aschaffenburg - Laufach,DB 83145 阿沙芬堡 — 劳法
/4C2D6C78457B380F0748BABD9746E64D,DB 83146 Laufach - Heigenbrücken,DB 83146 劳法 — 海根布吕肯
/B2566F944C4859FCA20AC89F17A6FB8B,DB 83147 Heigenbrücken - Gemünden,DB 83147 海根布吕肯 — 格明登
/51EE4349470971FE3526C3BA0C7DB675,DB 83149 Aschaffenburg - Laufach,DB 83149 阿沙芬堡 — 劳法
/B35E72EA47C8262CF69F73B59E1700A5,DB 83150 Laufach - Heigenbrücken,DB 83150 劳法 — 海根布吕肯
/3C8C3BC942C9CFFA7FAEC68D0BB1041B,DB 83151 Heigenbrücken - Gemünden,DB 83151 海根布吕肯 — 格明登
/20C3C1644A76A523CFB941B86F5022F9,DB 83153 Aschaffenburg - Laufach,DB 83153 阿沙芬堡 — 劳法
/3BC9CC0F4A38D78E021B2E878FD3217F,DB 83154 Laufach - Heigenbrücken,DB 83154 劳法 — 海根布吕肯
/41F925724C8A9682BE4682996003630F,DB 83155 Heigenbrücken - Gemünden,DB 83155 海根布吕肯 — 格明登
/8830CC1343F84BE7C5B789B0908782EA,DB 83157 Aschaffenburg - Laufach,DB 83157 阿沙芬堡 — 劳法
/E1B71CC845C8E5D245D59B92F5BC6A46,DB 83158 Laufach - Heigenbrücken,DB 83158 劳法 — 海根布吕肯
/23BC57B142EA6F25B7BBD193B67474FD,DB 83159 Heigenbrücken - Gemünden,DB 83159 海根布吕肯 — 格明登
/2E7CE78940F521499BFFD5A34F787E8F,DB 83161 Aschaffenburg - Laufach,DB 83161 阿沙芬堡 — 劳法
/1B335CED4C212D4E0095508D5A397618,DB 83162 Laufach - Heigenbrücken,DB 83162 劳法 — 海根布吕肯
/16E54284489F67D3CDF4B196B53004BF,DB 83163 Heigenbrücken - Gemünden,DB 83163 海根布吕肯 — 格明登
/5F8151B2497110DCAE0A859A1CFDEFBC,DB 83165 Aschaffenburg - Laufach,DB 83165 阿沙芬堡 — 劳法
/F73ADE774E21F9FB0B839C8B210BC684,DB 83166 Laufach - Heigenbrücken,DB 83166 劳法 — 海根布吕肯
/6666532C464DC0BAA8B0028C5D70DDCB,DB 83167 Heigenbrücken - Gemünden,DB 83167 海根布吕肯 — 格明登
/73196E8B4C334D2F2EC551BF0C6DC6DD,DB 83169 Aschaffenburg - Laufach,DB 83169 阿沙芬堡 — 劳法
/3A445EA94588B8E59FB76E99B50B6813,DB 83170 Laufach - Heigenbrücken,DB 83170 劳法 — 海根布吕肯
/2AFD168F44EF125206640B8CA8E25BD9,DB 83173 Aschaffenburg - Laufach,DB 83173 阿沙芬堡 — 劳法
/3C2BC6C8407359F307E15FB5E04490A9,DB 83174 Laufach - Heigenbrücken,DB 83174 劳法 — 海根布吕肯
/1EEEE09C42F28880EC17378D4FD4284F,DB 83175 Heigenbrücken - Gemünden,DB 83175 海根布吕肯 — 格明登
/E50A09744BBE312E6FCCE9A57B1B789E,DB 83177 Aschaffenburg - Laufach,DB 83177 阿沙芬堡 — 劳法
/A52151904A822D0B9F892793A4521772,DB 83178 Laufach - Heigenbrücken,DB 83178 劳法 — 海根布吕肯
/89D860BD4ED89368C4057CAD05456EBB,DB 83179 Heigenbrücken - Gemünden,DB 83179 海根布吕肯 — 格明登
/0ACC4E2B4487DEBBAFE6F5AF994C8FD3,DB 83181 Aschaffenburg - Laufach,DB 83181 阿沙芬堡 — 劳法
/202B12F6499BA241ACCF469FFE30BBE5,DB 83182 Laufach - Heigenbrücken,DB 83182 劳法 — 海根布吕肯
/0E39567649828E6FE78B7186684BA6F3,DB 83183 Heigenbrücken - Gemünden,DB 83183 海根布吕肯 — 格明登
/A6700228404C1E78C64058899D92570D,DB 86101 Aschaffenburg - Gemünden,DB 86101 阿沙芬堡 — 格明登
/E0393CFF4FDA7BB612E82D96CC4EC7C5,DB 86102 Aschaffenburg - Gemünden,DB 86102 阿沙芬堡 — 格明登
/64DD67B349736D75756090BBE9DD63E9,DB 86103 Aschaffenburg - Gemünden,DB 86103 阿沙芬堡 — 格明登
/18343FB7474180D1FFC6B799626B29EA,DB 86104 Aschaffenburg - Gemünden,DB 86104 阿沙芬堡 — 格明登
/21E79BD24C3EF1A6B26373B6F926CDDE,DB 86105 Aschaffenburg - Gemünden,DB 86105 阿沙芬堡 — 格明登
/169F9D90415F23BDC192C189FFB2227D,DB 86106 Aschaffenburg - Gemünden,DB 86106 阿沙芬堡 — 格明登
/771464D141023C0A2F6BA78A85DD033F,DB 86107 Aschaffenburg - Gemünden,DB 86107 阿沙芬堡 — 格明登
/402C419D42C11F300A27A797AB14BBBE,DB 86108 Aschaffenburg - Gemünden,DB 86108 阿沙芬堡 — 格明登
/E6764DA047D359B1212FE9A179B74AE1,DB 86109 Aschaffenburg - Gemünden,DB 86109 阿沙芬堡 — 格明登
/726B215848354A69BE369287E1D706E2,DB 86110 Aschaffenburg - Gemünden,DB 86110 阿沙芬堡 — 格明登
/EBEF3C5B4D96557C26724E8F5ACF4B53,DB 86111 Aschaffenburg - Gemünden,DB 86111 阿沙芬堡 — 格明登
/99980E8D45D2E4DB62EF4E8391C8521F,DB 86112 Aschaffenburg - Gemünden,DB 86112 阿沙芬堡 — 格明登
/5AD782464D569252E78DCCA059079E46,DB 86113 Aschaffenburg - Gemünden,DB 86113 阿沙芬堡 — 格明登
/6C9E0F144725AA8510169EB51811F165,DB 86114 Aschaffenburg - Gemünden,DB 86114 阿沙芬堡 — 格明登
/B4792BE14387FC50606FB0A92ADB0301,DB 86115 Aschaffenburg - Gemünden,DB 86115 阿沙芬堡 — 格明登
/B795B7304B4ACCB1E4CC998FAAB50FD8,DB 86116 Aschaffenburg - Gemünden,DB 86116 阿沙芬堡 — 格明登
/90045C71400BA2C5781588A1E84DBA78,DB 86117 Aschaffenburg - Gemünden,DB 86117 阿沙芬堡 — 格明登
/68EDC48F4E406DC16BA4A0ACF50A1521,DB 86118 Aschaffenburg - Gemünden,DB 86118 阿沙芬堡 — 格明登
/8456E4F24418E408BCE0AE9E14BF96A2,DB 86119 Aschaffenburg - Gemünden,DB 86119 阿沙芬堡 — 格明登
/E3D8F3264C40F5AF47A352BAACD57832,DB 86120 Aschaffenburg - Gemünden,DB 86120 阿沙芬堡 — 格明登
/D5F462654477DE86466E9CB3E611532B,DB 86121 Aschaffenburg - Gemünden,DB 86121 阿沙芬堡 — 格明登
/FBBB34D9416EDA02D97511A463F9ABB8,DB 86123 Aschaffenburg - Gemünden,DB 86123 阿沙芬堡 — 格明登
/B834DF0A4BC68968BEE4B68357EE9D00,DB 86124 Aschaffenburg - Gemünden,DB 86124 阿沙芬堡 — 格明登
/9DDCA0BD4885302D2AC6EE8B86A5427D,DB 86125 Aschaffenburg - Gemünden,DB 86125 阿沙芬堡 — 格明登
/CC3EB53C44FC6C60E81002A348B61D33,DB 86126 Aschaffenburg - Gemünden,DB 86126 阿沙芬堡 — 格明登
/F2552DE0458974C352E920932B7C5F0E,DB 86127 Aschaffenburg - Gemünden,DB 86127 阿沙芬堡 — 格明登
/B1EE4BF9441FBA021D21A6945E699192,DB 86128 Aschaffenburg - Gemünden,DB 86128 阿沙芬堡 — 格明登
/69DF736B446A8A628DC5808689DB8F1C,DB 86129 Aschaffenburg - Gemünden,DB 86129 阿沙芬堡 — 格明登
/139FBC0B499A477CD69C2DA2BC1F9560,DB 86130 Aschaffenburg - Gemünden,DB 86130 阿沙芬堡 — 格明登
/4E9D30204FE8DF331DD73384F53F1FBA,DB 86131 Aschaffenburg - Gemünden,DB 86131 阿沙芬堡 — 格明登
/A6EC07674E9621394F6BF0B2B89FE822,DB 86132 Aschaffenburg - Gemünden,DB 86132 阿沙芬堡 — 格明登
/1D105822489D4A0E468524BCAB8F7A44,DB 86133 Aschaffenburg - Gemünden,DB 86133 阿沙芬堡 — 格明登
/E048831449698FDC83B312B76DB40D0E,DB 86134 Aschaffenburg - Gemünden,DB 86134 阿沙芬堡 — 格明登
/3056452F43B9DDE4FFB198904B9294D1,DB 88101 Gemünden - Aschaffenburg,DB 88101 格明登 — 阿沙芬堡
/A483DDD240A8D617ECC560934CC6843E,DB 88102 Gemünden - Aschaffenburg,DB 88102 格明登 — 阿沙芬堡
/9EE7EF9D440DF0934FE700A457945BBA,DB 88103 Gemünden - Aschaffenburg,DB 88103 格明登 — 阿沙芬堡
/DF6EA89A4545E1F1F5B75F84482BE819,DB 88104 Gemünden - Aschaffenburg,DB 88104 格明登 — 阿沙芬堡
/06491D8F4E3A7E5B184B00A660A9986B,DB 88105 Gemünden - Aschaffenburg,DB 88105 格明登 — 阿沙芬堡
/8002BADE4D8238DEE6CA4CA03F5AE98C,DB 88106 Gemünden - Aschaffenburg,DB 88106 格明登 — 阿沙芬堡
/00AEB93A4A6AB4F04420088EA6F7ECB0,DB 88107 Gemünden - Aschaffenburg,DB 88107 格明登 — 阿沙芬堡
/E019F58F44D13BE15D296495B51DDF67,DB 88108 Gemünden - Aschaffenburg,DB 88108 格明登 — 阿沙芬堡
/17B3DA4F4DA8ABBA6C8BCFA8227CD147,DB 88109 Gemünden - Aschaffenburg,DB 88109 格明登 — 阿沙芬堡
/91ED568F40E15E7DD4D38DAB01D3348B,DB 88110 Gemünden - Aschaffenburg,DB 88110 格明登 — 阿沙芬堡
/0924F9B94D6107FF3FF48C80824B5AEC,DB 88111 Gemünden - Aschaffenburg,DB 88111 格明登 — 阿沙芬堡
/F359A2674A2C217D7969DAB857B9831D,DB 88112 Gemünden - Aschaffenburg,DB 88112 格明登 — 阿沙芬堡
/A7DE106F4E5CABC09108DF84AEA434E4,DB 88113 Gemünden - Aschaffenburg,DB 88113 格明登 — 阿沙芬堡
/40F8EDB44AE6211BC0C57890DD7602E5,DB 88114 Gemünden - Aschaffenburg,DB 88114 格明登 — 阿沙芬堡
/7CE7BC9B411604F21477E281A1085734,DB 88115 Gemünden - Aschaffenburg,DB 88115 格明登 — 阿沙芬堡
/8E294E9943DFBB142C852481D0D79F55,DB 88116 Gemünden - Aschaffenburg,DB 88116 格明登 — 阿沙芬堡
/E48FF40541B25859D335D9BEF7C2BC0C,DB 88117 Gemünden - Aschaffenburg,DB 88117 格明登 — 阿沙芬堡
/3EE1989741F25112A9298DBF529C6EAD,DB 88118 Gemünden - Aschaffenburg,DB 88118 格明登 — 阿沙芬堡
/C95EDD8C4A3308042F1D41AB65187ABA,DB 88119 Gemünden - Aschaffenburg,DB 88119 格明登 — 阿沙芬堡
/D7E80DE34B7B9EB984DA07AF7DC8BF97,DB 88120 Gemünden - Aschaffenburg,DB 88120 格明登 — 阿沙芬堡
/6C7B0A9346D5F4AFEF940AA09FC1CAE1,DB 88121 Gemünden - Aschaffenburg,DB 88121 格明登 — 阿沙芬堡
/921227EC4326D674B6328980C0C6E361,DB 88122 Gemünden - Aschaffenburg,DB 88122 格明登 — 阿沙芬堡
/97ED3161411494725FCEB8A04E43E702,DB 88123 Gemünden - Aschaffenburg,DB 88123 格明登 — 阿沙芬堡
/AE7FCD3944F620F4AED2B49CFF9ABA93,DB 88124 Gemünden - Aschaffenburg,DB 88124 格明登 — 阿沙芬堡
/C870434D4E42ED11A70C89A7C6313FC8,DB 88125 Gemünden - Aschaffenburg,DB 88125 格明登 — 阿沙芬堡
/ECCB302C492BF4D9E9DB30851471374E,DB 88126 Gemünden - Aschaffenburg,DB 88126 格明登 — 阿沙芬堡
/62F3851F4DF76BF640D3998C467BCDF3,DB 88127 Gemünden - Aschaffenburg,DB 88127 格明登 — 阿沙芬堡
/608824E84EE527680D3892BECDA98871,DB 88128 Gemünden - Aschaffenburg,DB 88128 格明登 — 阿沙芬堡
/B6009B864461F5A0037580AF9AE142A0,DB 88129 Gemünden - Aschaffenburg,DB 88129 格明登 — 阿沙芬堡
/C90B16C0449FC0B0A408B289C08D00AB,DB 88130 Gemünden - Aschaffenburg,DB 88130 格明登 — 阿沙芬堡
/03854DB544C0A77140FF00B0E6B3FC60,DB 88131 Gemünden - Aschaffenburg,DB 88131 格明登 — 阿沙芬堡
/07940C4642910E54671CA1AD8E4D2B65,DB 88132 Gemünden - Aschaffenburg,DB 88132 格明登 — 阿沙芬堡
/5A60B65744DED0AD8BCA6191A22F8067,DB 88133 Gemünden - Aschaffenburg,DB 88133 格明登 — 阿沙芬堡
/42D963904F278806C1AD909909CD8CD8,DB 88134 Gemünden - Aschaffenburg,DB 88134 格明登 — 阿沙芬堡
/2152572B497956F822970C8E0BC32748,DB 88135 Gemünden - Aschaffenburg,DB 88135 格明登 — 阿沙芬堡
/4BC833A9416EBBAF414787B003EE4D8B,DB 88136 Gemünden - Aschaffenburg,DB 88136 格明登 — 阿沙芬堡
/13411ADA46B2B9F83B6B99BFBABF0424,DB 88137 Gemünden - Aschaffenburg,DB 88137 格明登 — 阿沙芬堡
/44A6163D49F48B9AD6ADE89F2E599003,DB 88138 Gemünden - Aschaffenburg,DB 88138 格明登 — 阿沙芬堡
/DE8899EC4A9ECCFE570F098FDC946B44,DB 88139 Gemünden - Aschaffenburg,DB 88139 格明登 — 阿沙芬堡
/D2FBEA774B30BE5EC43060AB2EE4D9F6,DB 88141 Gemünden - Aschaffenburg,DB 88141 格明登 — 阿沙芬堡
/6C25426C484E74A6A9C8ABA93CCD390A,DB 88142 Gemünden - Aschaffenburg,DB 88142 格明登 — 阿沙芬堡
/16264AFF4D35F12E69EE5AAE4D04A69C,DB 88143 Gemünden - Aschaffenburg,DB 88143 格明登 — 阿沙芬堡
/B59230D6455B47E574DC75BC535F43BC,DB 88144 Gemünden - Aschaffenburg,DB 88144 格明登 — 阿沙芬堡
/56CAA16A4753390B391987BF797FCDDD,DB 88145 Gemünden - Aschaffenburg,DB 88145 格明登 — 阿沙芬堡
/7451AA244FE95654DCD14A97982A2E74,DB 88146 Gemünden - Aschaffenburg,DB 88146 格明登 — 阿沙芬堡
/9373CE0846B3E86D4F7CC4AB98F0287D,DB 88147 Gemünden - Aschaffenburg,DB 88147 格明登 — 阿沙芬堡
/944E39864FD029A23AE0B5A97D00DF84,DB 88148 Gemünden - Aschaffenburg,DB 88148 格明登 — 阿沙芬堡
/8DA58C2C49D5E68FB53E8DA202775148,DB 88149 Gemünden - Aschaffenburg,DB 88149 格明登 — 阿沙芬堡
/686B69434F81B3E26114399568D1C1F1,DB 88150 Gemünden - Aschaffenburg,DB 88150 格明登 — 阿沙芬堡
/150F9B634B926551D23543B6D607619D,DB 88151 Gemünden - Aschaffenburg,DB 88151 格明登 — 阿沙芬堡
/8F47289E45428DE32DFFEFABDB08F050,DB 88152 Gemünden - Aschaffenburg,DB 88152 格明登 — 阿沙芬堡
/9976F1B5456BE9038BE5F49D7B11A5C5,DB 88153 Gemünden - Aschaffenburg,DB 88153 格明登 — 阿沙芬堡
/722799674D2DDE9E63703FBB7C69D015,DB 88154 Gemünden - Aschaffenburg,DB 88154 格明登 — 阿沙芬堡
/816D967E43ABE6D1A5C270B45DB28360,DB 88155 Gemünden - Aschaffenburg,DB 88155 格明登 — 阿沙芬堡
/76554C6C4A2124529BF846B0EA210B13,DB 88156 Gemünden - Aschaffenburg,DB 88156 格明登 — 阿沙芬堡
/E5DBFFE149538F7F36618C8258200827,DB 89101 Banker Service Connection,DB 89101 补机连接
/FFC7F6204696C872E4636D84E7B8741F,DB 89102 Heigenbrücken - Laufach,DB 89102 海根布吕肯 — 劳法
/DF20A9224D6E9714E3BD59805FBF2209,DB 89103 Banker Service Connection,DB 89103 补机连接
/0D87671544B0DCF721930C99E0F16E02,DB 89104 Heigenbrücken - Laufach,DB 89104 海根布吕肯 — 劳法
/47FB20D649E9CCACE842E8AE173B492E,DB 89105 Banker Service Connection,DB 89105 补机连接
/63545358433DA02B7A9E139A6CD43FE8,DB 89106 Heigenbrücken - Laufach,DB 89106 海根布吕肯 — 劳法
/C5AF526A4FDA30D447E5C6BFA538A862,DB 89107 Banker Service Connection,DB 89107 补机连接
/C614B2934B12A8F959DA6A952B1D3DCE,DB 89108 Heigenbrücken - Laufach,DB 89108 海根布吕肯 — 劳法
/138B375E4BD9936C72191685A59FB8DF,DB 89109 Banker Service Connection,DB 89109 补机连接
/626C05AF457E1A572D938F98CCDB4BA1,DB 89110 Heigenbrücken - Laufach,DB 89110 海根布吕肯 — 劳法
/524435844B119C293CFD589DB1B944B2,DB 89111 Banker Service Connection,DB 89111 补机连接
/0C74093F478A0B92F5D3D0AB79D79279,DB 89112 Heigenbrücken - Laufach,DB 89112 海根布吕肯 — 劳法
/699E2AE64AF8EC65E26DB6A86D02DA2E,DB 89113 Banker Service Connection,DB 89113 补机连接
/2E75C73B42B03036454FFE8F884EF2F1,DB 89114 Heigenbrücken - Laufach,DB 89114 海根布吕肯 — 劳法
/14E1FE7F4747217CDC91B6810B75E135,DB 89116 Heigenbrücken - Laufach,DB 89116 海根布吕肯 — 劳法
/2B93564546EE8E00A0785BA9C5F9264E,DB 89117 Banker Service Connection,DB 89117 补机连接
/04272D8F4A48D713545FA6AE83821CFD,DB 89118 Heigenbrücken - Laufach,DB 89118 海根布吕肯 — 劳法
/B8A9A73245986E0BE7651E9859229150,DB 89119 Banker Service Connection,DB 89119 补机连接
/6164D66E46E35EB5C555E08CC48F207A,DB 89120 Heigenbrücken - Laufach,DB 89120 海根布吕肯 — 劳法
/582174644C664FECB78F58B98F8A1A82,DB 89121 Banker Service Connection,DB 89121 补机连接
/7A72196F4B151B7D7F9E15A9E352EE98,DB 89122 Heigenbrücken - Laufach,DB 89122 海根布吕肯 — 劳法
/443B157B43C6FB4EBCB211A9F7CB662A,DB 89123 Banker Service Connection,DB 89123 补机连接
/B89A2C1E4055F90D56C5D4A5D7492626,DB 89124 Heigenbrücken - Laufach,DB 89124 海根布吕肯 — 劳法
/6DA7807547E14658E7827F882E9D45BA,DB 89125 Banker Service Connection,DB 89125 补机连接
/EDF7B219438A62CED6FA82A268EE0D80,DB 89126 Heigenbrücken - Laufach,DB 89126 海根布吕肯 — 劳法
/ADB6ACB4484F219776C6EE8B9C7362A7,DB 89127 Banker Service Connection,DB 89127 补机连接
/E65D9E3C45F211A65550689973C91CC4,DB 89128 Heigenbrücken - Laufach,DB 89128 海根布吕肯 — 劳法
/5868BFF7477133788A6A5AAA0BAEB922,DB 89129 Banker Service Connection,DB 89129 补机连接
/6EC1DE724F6D209E41B719A37F36C0C1,DB 89130 Heigenbrücken - Laufach,DB 89130 海根布吕肯 — 劳法
/61EE27F64F1C6C88FC6582B166DDE0FD,DB 89132 Heigenbrücken - Laufach,DB 89132 海根布吕肯 — 劳法
/1F02409F40F5A0D7D81889BE4757CFD7,DB 89133 Banker Service Connection,DB 89133 补机连接
/5505FC274121E2109BAA93BC0FFA2D9E,DB 89135 Banker Service Connection,DB 89135 补机连接
/C90541D0420F053A558133ACC3F76C21,DB 89136 Heigenbrücken - Laufach,DB 89136 海根布吕肯 — 劳法
/E226068E4528C8C9A1050FA5D8D65171,DB 89137 Banker Service Connection,DB 89137 补机连接
/41FCF92A40C7CE8FC5E644B6942EF4F2,DB 89138 Heigenbrücken - Laufach,DB 89138 海根布吕肯 — 劳法
/C56B7F6648CBD0D3D1AAB0920846E088,DB 89139 Banker Service Connection,DB 89139 补机连接
/D106155948984F6F4A3A959B75781A0A,DB 89140 Heigenbrücken - Laufach,DB 89140 海根布吕肯 — 劳法
/C1B4580C4E4E8C8B953A0F81F4059BD0,DB 89141 Banker Service Connection,DB 89141 补机连接
/F5E44A5B4539BA110C4B73B5EA4F292A,DB 89142 Heigenbrücken - Laufach,DB 89142 海根布吕肯 — 劳法
/338D917C49EA537C1C01C284047132F9,DB BR146 + Dostos x3 [Empty],德铁 146 型机车 + 3 节双层客车厢 [空载]
/B911E24B4A1AAD83BA6A89AC882A6BCF,DB BR146 + Dostos x3 [Loaded],德铁 146 型机车 + 3 节双层客车厢 [载客]
/4807B86946C96590D95C83B123BA961C,DB BR146 + Dostos x4 [Empty],德铁 146 型机车 + 4 节双层客车厢 [空载]
/E648F70C43EFCDE5074D4DAAD45DC571,DB BR146 + Dostos x4 [Loaded],德铁 146 型机车 + 4 节双层客车厢 [载客]
/58A2A57547FA4371A88AAC9B646A3F60,DB BR146 + Dostos x5 [Empty],德铁 146 型机车 + 5 节双层客车厢 [空载]
/97B9B02F46E2D2D2CFE8CB9BCC09321E,DB BR146 + Dostos x5 [Loaded],德铁 146 型机车 + 5 节双层客车厢 [载客]
/223E548A4F48333D1FF132B592F93451,DB BR146 Light Locomotive,德铁 146 型轻型机车
/99417397451F91196A304A92BC1ED5B7,DB BR185.2 + Habbiins Vans x10 [Loaded],德铁 185.2 型机车 + 10 节哈宾斯货车厢 [载货]
/C037B571458CB99EB18F8EB8320F2ADB,DB BR185.2 + Laaers Carriers x12 [Empty],德铁 185.2 型机车 + 12 节劳尔斯货车厢 [空载]
/70D32EAE450B1758EB070AB8A538F968,DB BR185.2 + Laaers Carriers x12 [Loaded],德铁 185.2 型机车 + 12 节劳尔斯货车厢 [载货]
/177FCB0B4D9B4A31140AC1866A631C50,DB BR185.2 + Shimmns Vans x15 [Loaded],德铁 185.2 型机车 + 15 节希姆斯货车厢 [载货]
/78F01B6E42766BF56CF2D589A387406D,DB BR185.2 + Zacns Tanks x15 [Loaded],德铁 185.2 型机车 + 15 节扎克恩斯罐车 [载货]
/722982BF43557A5FD479BDBDC043EE2C,DB BR185.2 Light Locomotive,德铁 185.2 型轻型机车
/9F20052E4C5B4009FCEB5C90101D1708,DB BR185.2 x2 + Habbiins Vans x15 [Loaded],2 台德铁 185.2 型机车 + 15 节哈宾斯货车厢 [载货]
/A934FC2445E63203625CC7A718BB94F5,DB BR185.2 x2 + Laaers Carriers x16 [Empty],2 台德铁 185.2 型机车 + 16 节劳尔斯货车厢 [载货]
/9DD49F944047B3F096D573B72BDCE22A,DB BR185.2 x2 + Laaers Carriers x16 [Loaded],2 台德铁 185.2 型机车 + 16 节劳尔斯货车厢 [载货]
/8EF07F84449DCE7F8A067FB9F150BE67,DB BR185.2 x2 + Laaers Carriers x20 [Empty],2 台德铁 185.2 型机车 + 20 节劳尔斯货车厢 [空载]
/1AF3155A4B5F8B3822E1E3B07D4F4471,DB BR185.2 x2 + Laaers Carriers x20 [Loaded],2 台德铁 185.2 型机车 + 20 节劳尔斯货车厢 [载货]
/321F6A984C4EDB06745F56BB15E60CA5,DB BR185.2 x2 + Shimmns Vans x20 [Loaded],2 台德铁 185.2 型机车 + 20 节希姆斯货车厢 [载货]
/27B19D084B7D961FA0705FA2F0A89F9B,DB BR185.2 x2 + Shimmns Vans x25 [Loaded],2 台德铁 185.2 型机车 + 25 节希姆斯货车厢 [载货]
/7BD7A33D433CC37C180F1B9700ACB417,DB BR185.2 x2 + Zacns Tanks x20 [Loaded],2 台德铁 185.2 型机车 + 20 节扎克恩斯罐车 [载货]
/3790CDFD4888A86E5574FC873C0DA68D,DB BR185.2 x2 + Zacns Tanks x25 [Loaded],2 台德铁 185.2 型机车 + 25 节扎克恩斯罐车 [载货]
/3DFCD6E7403655BFBD3557863E34D7A2,DB BR185.2 x2 Light Locomotive,2 台德铁 185.2 型轻型机车
/C8B4E42C4193287F2C1DFE8187A28D22,DB Dostos x3 + BR146 [Empty],3 节德铁双层客车厢 + 146 型机车 [空载]
/FE3DCA5B49F9C7D1E016149781E32BA7,DB Dostos x3 + BR146 [Loaded],3 节德铁双层客车厢 + 146 型机车 [载客]
/60ACEE61475AB634643AD2A4C3AA8731,DB Dostos x4 + BR146 [Empty],4 节德铁双层客车厢 + 146 型机车 [空载]
/CEBD90F245047210ACE3A8BA1D07C41F,DB Dostos x4 + BR146 [Loaded],4 节德铁双层客车厢 + 146 型机车 [载客]
/F2060A4F44903DF23D92C0BC6051ADF1,DB Dostos x5 + BR146 [Empty],5 节德铁双层客车厢 + 146 型机车 [空载]
/6BB699944BA5F375AC10D293B825690C,DB Dostos x5 + BR146 [Loaded],5 节德铁双层客车厢 + 146 型机车 [载客]
/05CF566D4A0B90BE151FCDB2A71C12CD,DBPBZFA INTRODUCTION,DBpbzfa 简介
/01A7518840A35D4A84557EBB8B837998,DBpbzfa Introduction,DBpbzfa 简介
/A7FAC1BA404CED600B65C1AB681D4518,DEPART WHEN PERMITTED,获得许可后发车
/E853F2BA4D885C08B13EE39456ADCD34,DEPART WHEN PERMITTED,获得许可后发车
/1571303C4905F5746C2B48BECAA617EC,DISEMBARK,下车
/5F4255FF43DAAB4E08F776915349EC62,DISEMBARK,下车
/88BC2A37465B6831D907549996E5BE71,DISEMBARK,下车
/89B3636843692C8D7ECFF68DD57784FA,DISEMBARK,下车
/6345EFDF4DCCF7F11CA3199AD31A16BC,DOOR LOCKING,车门锁定
/A61ED46A42BC96BF953A6EB79AFDF764,DOOR LOCKING,车门锁定
/D28146FF4D6A9E7D4D24D8ACBD87FB21,DOPPELSTOCK DELIVERY,运输双层列车
/191DFA104C1B18B455D108B894D00B30,DR (White on Black),德意志国营铁路（黑底白字）
/7E2C9A07415BC6A7183D5B8E9B771352,DRIVER MODE,司机模式
/6B3BC2E2488603E187FF4E8B8EADF410,DRIVER'S SEAT,驾驶位
/D8D2A45A443DF2388206628D5D92A963,DRIVER'S SEAT,驾驶位
/0A82B40A4B17136F1BC1AEAB5B7B8F70,DUTY COMPLETE,任务完成
/D2AF9516425D4673FA0C899CD0A74DD6,Deliver Loaded Shimmns wagons to Aschaffenburg to prepare for delivery,将装载的希姆斯货车运送到阿沙芬堡，以准备运送
/CC7CE2BD450D68036598ECA08F72352E,Depart the siding that your locomotive is in and couple to the freight train that just arrived ready to push it up the steep gradient eastbound.,驶离你的机车停靠的侧线，连挂刚刚进站的货运列车。准备好将它拉上陡峭的上坡，向东行驶。
/B33046DC48A3DFF0FE356398984EC9AF,Deutsche Bahn,德国铁路公司
/D95158CB48AE384D601F51A7D742EAD4,Diamond,菱形
/1C1614824F0820382C5150B552BD856C,DistantSpeed,预告限速
/4D5AC22441E9FCE2C4112CAF9F26B0C4,Docks to Aschaffenburg 1,码头到阿沙芬堡 1
/ABC4C2804463B5ECB67329992D95F1E6,Docks to Aschaffenburg 2,码头到阿沙芬堡 2
/1922A2A74A23656D2FD4A3A4F8E078D4,Door,车门
/B6E311554CA42D0D0E8C9AAE67B23EFB,Doppelstock Delivery,运输双层列车
/EB2E8FA94B6BA133AA8B138B3D2A17F7,Drive a westbound limited stopping service.,驾驶一辆西行列车，在指定站台停靠。
/3D1960BB4974C60C8F9C0D92AD8AFCB6,Drive a westbound local stopping service.,驾驶一辆西行的当地列车，在所有站台停靠。
/012848404C9193A4A218C5ACE0914412,Drive an eastbound limited stopping service.,驾驶一辆东行列车，在指定站台停靠。
/1D3F84D041D2D6C6917F4892389F61D4,Drive an eastbound limited stopping service.,驾驶一辆东行列车，在指定站台停靠。
/42B04D0B4C413D42F598ADA99FF31C7B,Drive an eastbound limited stopping service.,驾驶一辆东行列车，在指定站台停靠。
/59A5E4F044BD7892B1F04D89D8B4A1E5,Drive an eastbound limited stopping service.,驾驶一辆东行列车，在指定站台停靠。
/5DC84A72412E0B0999928F9378F5524B,Drive an eastbound limited stopping service.,驾驶一辆东行列车，在指定站台停靠。
/9C9580A940345C98EEC7CE8F1518A7D6,Drive an eastbound limited stopping service.,驾驶一辆东行列车，在指定站台停靠。
/AB9A02DF4380A83B5B7CCBB443A3D43B,Drive an eastbound limited stopping service.,驾驶一辆东行列车，在指定站台停靠。
/ADD0388048100B5A43E06DAB2C33DA88,Drive an eastbound limited stopping service.,驾驶一辆东行列车，在指定站台停靠。
/B2171C6C4657171F7F0A9C8EBB515C77,Drive an eastbound limited stopping service.,驾驶一辆东行列车，在指定站台停靠。
/D56CDADB4B7C57A8AF5F2A9B31DDB8E1,Drive an eastbound limited stopping service.,驾驶一辆东行列车，在指定站台停靠。
/EAC9801749252789709A36A69855B6E4,Drive an eastbound limited stopping service.,驾驶一辆东行列车，在指定站台停靠。
/F060EBEE44EF74D0E157A79802340E33,Drive an eastbound limited stopping service.,驾驶一辆东行列车，在指定站台停靠。
/246B17D94B4AFD23300D4785863FCC80,Drive an eastbound local stopping service.,驾驶一辆东行的当地列车，在所有站台停靠。
/070B96F243DBA476DD54B59C5DB210EE,Drive the first part of this heavy service eastbound where you will hold at Laufach for your banking locomotive to couple.,驾驶这辆重型列车的第一段向东前进，在劳法停车，等待指令连挂补机。
/B7416AD94D49ACC56288518D8176D84D,Drive the first part of this heavy service eastbound where you will hold at Laufach for your banking locomotive to couple.,驾驶这辆重型列车的第一段向东前进，在劳法停车，等待指令连挂补机。
/03B480364E0C6CDC490EF6A969DAE53A,Drive this fast freight westbound.,驾驶这辆货运快车向西行驶。
/50DAD57F4A7F519CF5D35591931BDB56,Drive this non-stop freight eastbound from Aschaffenburg to Aschaffenburg to Gemünden.,驾驶这辆东行的直达货运列车，从阿沙芬堡出发到格明登。
/5704F81945BB7F8014B15B8D36811D1C,Drive through beautiful hills and up the gruelling 2.1% gradient of the Spessartrampe ,驶过美丽的山丘，在施佩萨尔特坡道爬上坡度 2.1% 的斜坡
/75F7A8CF4F4202A0DBC0D2ACF5CDC47F,Drive through beautiful hills and up the gruelling 2.1% gradient of the Spessartrampe ,驶过美丽的山丘，在施佩萨尔特坡道爬上坡度 2.1% 的斜坡
/DC3D6FBB4D44B0B8C25493A62CBC195E,Drive through beautiful hills and up the gruelling 2.1% gradient of the Spessartrampe ,驶过美丽的山丘，在施佩萨尔特坡道爬上坡度 2.1% 的斜坡
/52C7774E41B0015E728038B1A9FBAA0F,Driver,司机
/ED03E87742CB77349F958992EE6CDEE4,Drove 1/2 KM,已行驶 1/2 公里
/4F2D9714464B2E21429369B1DFC44D56,"Due to engineering in the tunnel at Heigenbrücken, operate a short return service out to Laufach from Aschaffenburg.",由于工人在海根布吕肯的隧道中作业，驾驶列车从阿沙芬堡出发至劳法，再返回阿沙芬堡。
/0933469744AF17DBFF4C7A82DDF997FD,"Due to the size and weight of this train, small amounts of traction should be used to overcome initial friction and prevent overpowering the electrical systems.",鉴于此辆机车的尺寸和重量，需要使用少量牵引来克服初始摩擦，并防止电气系统过载。
/105149CA431F417ACBE495B2CC970D9B,"Due to the size and weight of this train, small amounts of traction should be used to overcome initial friction and prevent overpowering the electrical systems.",鉴于此辆机车的尺寸和重量，需要使用少量牵引来克服初始摩擦，并防止电气系统过载。
/379C782940239365AF7A13A4B8CC6675,"Due to the size and weight of this train, small amounts of traction should be used to overcome initial friction and prevent overpowering the electrical systems.",鉴于此辆机车的尺寸和重量，需要使用少量牵引来克服初始摩擦，并防止电气系统过载。
/7932E620480207B885CF3AA8B1F76550,"Due to the size and weight of this train, small amounts of traction should be used to overcome initial friction and prevent overpowering the electrical systems.",鉴于此辆机车的尺寸和重量，需要使用少量牵引来克服初始摩擦，并防止电气系统过载。
/A81709A84B1A1DCC59DC2785AEDA2734,"Due to the size and weight of this train, small amounts of traction should be used to overcome initial friction and prevent overpowering the electrical systems.",鉴于此辆机车的尺寸和重量，需要使用少量牵引来克服初始摩擦，并防止电气系统过载。
/BCF2FEB14463565BD96B89B705436568,"Due to the size and weight of this train, small amounts of traction should be used to overcome initial friction and prevent overpowering the electrical systems.",鉴于此辆机车的尺寸和重量，需要使用少量牵引来克服初始摩擦，并防止电气系统过载。
/74A99973472B2B51DAEDEDBD70F10AB6,ENGINE START,引擎启动
/92675D3D4858515C3BBDA9A49ED7200F,ENGINE START,引擎启动
/FE905C474980A25CDE5B6FA563BAAF5D,ENGINE START,引擎启动
/AF4CB8634925F0A44D8B178BCE39BFBD,EXTERIOR CAMERA,外部视角
/6B1D032D46E36254575FFE8F3C13D18F,Eastbound Aschaffenburg Local,阿沙芬堡当地运输服务东行
/599C0E03423A8174F07B13BC6973B545,Eastbound Freight 1,西行货运 1
/65BD15E54ED864F3470ABF96AE5D4FA1,Eastbound Freight 2,东行货运 2
/DC498FFE491C983D45444AACC62B5F66,Eastbound Passenger 1,东行客运 1
/B232FE31418E4C8DCC0A3FBDCDF53131,Eastbound Passenger 2,东行客运 2
/F68443C8451227576D7E38AC1ED74A6C,Eastbound Passenger 3,东行客运 3
/9F998A9A4928405508958A9064B1D05F,El 6 Both (DO NOT USE),El 6 双向（请勿使用）
/6EAC9B064A65FE2DCC4331AC1A3E21A1,El 6 Left,El 6 左向
/967FBC754D40310A7171A0AC9AA48FD6,El 6 Right,El 6 右向
/5859B2F042CBD479E0FDCDA4E452553F,Empty Coaching Stock Move,移动空车厢
/B4BECE9042366DE34D662B9AF32AEE33,Enter the Exterior Camera view,进入外部视角
/184B58024AB5FF7FFAC2E3BBCF3A86EA,Enter the Free camera view,进入自由移动视角
/EF0510854431433B48C1D28AA565E749,Enter the Free camera view,进入自由移动视角
/4A8224E04EC8F7648060FCABA57FAF73,Enter the cab through the door in front indicated,通过前方指示的门进入驾驶室。
/FCE972054DAC74B88FEEFB987AB859E8,Enter the cab through the door in front indicated,通过前方指示的门进入驾驶室。
/9B66916640C2EC25B350DFBED7AA4278,Enter the cab through the door in front indicated.,通过前方指示的门进入驾驶室。
/D44B2BCE41092A615AD5B3BCB5F9B3D2,Exchange with the onward driver to complete this duty,与下一班的司机交接，完成此次任务
/5F6B42694CD9E361A1F87A8B01B30BDE,Expect stop,注意停车
/2484B05846D955FABC2997BB0F2B5653,Explore the exterior view,看看外部视角
/2CABACC147500C441395CFAEAC340CFF,Explore the exterior view,看看外部视角
/77CD12A243624E37C81645B5A42574FF,Explore the exterior view,看看外部视角
/F8706AAB4520E2B05EAEF3BBC20A12FC,Explore the exterior view,看看外部视角
/D48ADBDE4063841D23FEEF9A85DAC0B5,FIND A SEAT,找一个空座
/0FC0F5CE41E456B9EB665C81414F621E,FIRST PERSON,第一人称
/D7B8ECCF4397804821D8FC9B70EDA22A,FIRST PERSON,第一人称
/1202638A414F4BB8ADCFD49B224A2891,FREE CAMERA,自由移动视角
/C1E0C78C48ADD31AF763F3BB58C5F237,FREE CAMERA,自由移动视角
/0BB1BE1647F2FD793E4B3989657807E6,FUEL EXCHANGE,燃料交换
/A0588E0D4FAD2038B021F692443B9372,Follow the markers onto the train,跟着标识登上列车
/AFE7831F485549E72B17959F85E62237,Follow the markers to the otherside of the platform,跟着标识前往站台另一侧
/24CF8A104DF975D26418A89A33F1DD47,"For the purpose of this tutorial, some interactive elements are locked",为保证该教程效果，某些交互式元素将被锁定
/3802650845BF2BED2582D4B5B73A41D7,"For the purpose of this tutorial, some interactive elements are locked",为保证该教程效果，某些交互式元素将被锁定
/59D3AC3D4D65BFAD506B1BACF1FEF5FF,"For the purpose of this tutorial, some interactive elements are locked",为保证该教程效果，某些交互式元素将被锁定
/6147D3A34BC3660FCEB7479CCEF5CBC8,"For the purpose of this tutorial, some interactive elements are locked",为保证该教程效果，某些交互式元素将被锁定
/AB0658BD40FE00F106635FB198025EEA,"For the purpose of this tutorial, some interactive elements are locked",为保证该教程效果，某些交互式元素将被锁定
/B5B2ECA54AFAE8680227E2BC05583ADC,"For the purpose of this tutorial, some interactive elements are locked",为保证该教程效果，某些交互式元素将被锁定
/E2C3D4B54C233CCBA1A384B302CC73E3,"For the purpose of this tutorial, some interactive elements are locked",为保证该教程效果，某些交互式元素将被锁定
/F7BE3C1F4D9EC3F4625E2C82407C25B0,"For the purpose of this tutorial, some interactive elements are locked",为保证该教程效果，某些交互式元素将被锁定
/FE54F99D493C16541BFB3A91A4DA97B4,"For the purpose of this tutorial, some interactive elements are locked",为保证该教程效果，某些交互式元素将被锁定
/7CE844B9495327BDF636BAB55E3BE55A,Form a freight consist with Zacns freight wagons and then deliver them to Hafenbahnhof dock yard.,与Zacns货车组成货运，然后将其运送到Hafenbahnhof码头。
/A0F710A04B59C0EB4FA186AB48C04F39,Freight Driver,货运Driver
/98CA8FF24A320A13F4EB73A2EEA6FDE3,Fuel Exchange,燃料交换
/AAC212494AE4675A2C5ED89D0286D48A,Gemünden,格明登
/E6B49D4D4A4D2A1C7036689A3304816B,Gemünden,格明登
/FF28D6904320176F65D6A3BC83ED812E,Gemünden,格明登
/0E31F3DD4563FD491D9E01B5AA330585,Gemünden - Aschaffenburg Hbf - All Stops,格明登 — 阿沙芬堡火车站 — 站站停
/C9B6C6BC440150C5B8845FB1C8086E9A,Gemünden - Heigenbrücken - Limited Stops,格明登 — 海根布吕肯— 指定站点停靠
/D8A54917474F78150C2557B058FC6A5D,Gemünden - Lohr Bahnhof - All Stops,洛尔火车站 — 格明登 — 站站停
/68B24C914FBBFACD8CCB42BA30E94DA0,Gemünden Platform 1,格明登 1 站台
/AD36513746090C4ACB8BFAA6133485DD,Gemünden Platform 2,格明登 2 站台
/40011DD74D5871E3868D4996F6D298BF,Gemünden Platform 4,格明登 4 站台
/9DE257B34AFC8DAA4613BCA3D00FFFBA,Gemünden Platform 5,格明登 5 站台
/2C1C8296455C3A087CE18590D6477220,Gemünden Platform 6,格明登 6 站台
/96B4456C435D64A1438CF781F6ABC440,Gemünden Platform 7,格明登 7 站台
/0A51C7234B28C3BB496EDDBADDE4FF80,Gemünden Platform 8,格明登 8 站台
/4B3D3335475100A1184655AFF50AA7FF,Gemünden Platform 8,格明登 8 站台
/A11FE0A24A887591C05E30B3811147A0,Gemünden Platform 8,格明登 8 站台
/B1984C58494309B1710EEC849BEE9907,Gemünden Platform 9,格明登 9 站台
/7198DC984AA258D7F493E89E9942B310,Gemünden Rail Yard,格明登铁路编组场
/49AF970445B682BCB26D22BF66BAE1A0,Gemünden Siding 001,格明登 001 号侧线
/9BF983A94DC7B8B0252E9B90E8F27689,Gemünden Siding 101,格明登 101 号侧线
/808530AE438050C51F6AC7B69A0245CE,Gemünden Siding 102,格明登 102 号侧线
/3C0EEF5C4FB020A2832C5FAD02B0CDD6,Gemünden Siding 103,格明登 103 号侧线
/D799CE4E42DD9DA2DCF7DDBDC92EF366,Gemünden Siding 104,格明登 104 号侧线
/ED99BF0C4DFE56D66CD542B9F826C84F,Gemünden Siding 105,格明登 105 号侧线
/406E1EC249D54437B81CD2A96FCCDDE2,Gemünden Siding 201,格明登 201 号侧线
/58005A15489212E42782889D2B41DAF7,Gemünden Siding 202,格明登 202 号侧线
/4868F97D4609A74CF124A4BC4FC931B2,Gemünden Siding 203,格明登 203 号侧线
/2A1860DB4DA6694752194C86624D1E74,Gemünden Siding 204,格明登 204 号侧线
/516996624654A5FD532ED39BADCE86CE,Gemünden Siding 241,格明登 241 号侧线
/A90C6C7E4293FEA70771CDA5402B8CC9,Gemünden Siding 252,格明登 252 号侧线
/67BF045E4C4AD2DD2D893B8340930EDD,Gemünden Siding 291,格明登 291 号侧线
/802EABCF4EDB1AA869818981E836F7B0,Gemünden Siding 304,格明登 304 号侧线
/1FF9C5004B3868BE8CC5F88235018B6D,Gemünden Siding 306,格明登 306 号侧线
/FE0E38FC4A1C375B264CF88197973EF0,Gemünden Siding 315,格明登 315 号侧线
/7357F81148B45C0151A5838423701DD6,Gemünden Siding 351,格明登 351 号侧线
/65922A98467ADE7B2A5B49BA9FDFF1D6,Gemünden Siding 352,格明登 352 号侧线
/A5E6F5B94E2BFC3DD3D2ABB1F8984936,Gemünden Siding 353,格明登 353 号侧线
/2E2F0A1942948FDD168C438B7D34F2FA,Gemünden Siding 354,格明登 354 号侧线
/D9714D8041A80B835C4503A65928FCEF,Gemünden Siding 355,格明登 355 号侧线
/0C42DC4C480C8FB3CE8F3E86F3879B58,Gemünden Siding 394,格明登 394 号侧线
/5AAB5AE544BEC34B649E6386882BE823,Germany,德国
/0AFF48174AA1078B5670A282F7751763,"Give a quick glance of the platform to ensure all is safe, then unlock the doors.",快速看一眼站台，确保一切安全，然后解锁车门。
/4312FE484B4AB49B06ED33A000169FDB,"Give a quick glance of the platform to ensure all is safe, then unlock the doors.",快速看一眼站台，确保一切安全，然后解锁车门。
/7DADBB4B445174411B5BC3A19F6C2B13,"Give a quick glance of the platform to ensure all is safe, then unlock the doors.",快速看一眼站台，确保一切安全，然后解锁车门。
/89CBF702426A001C4CD61C9D10EBEA4D,"Give a quick glance of the platform to ensure all is safe, then unlock the doors.",快速看一眼站台，确保一切安全，然后解锁车门。
/9EE2A11F4096C6919ACD6D8CF2A89DDE,"Give a quick glance of the platform to ensure all is safe, then unlock the doors.",快速看一眼站台，确保一切安全，然后解锁车门。
/ACB1D4BB4FDC27D4A12AC3857C68AE6B,"Give a quick glance of the platform to ensure all is safe, then unlock the doors.",快速看一眼站台，确保一切安全，然后解锁车门。
/1C55E490430191FD022031ABABA1FBAC,"Good work, Heigenbrücken is the summit. Head back and uncouple the Banker locomotive from the train.",干得好，海根布吕肯是旅程的最高点了。返回将补机从列车上断开。
/7C564985455687EDF27D4DA3A00C1F21,Good work. That concludes all the basics of this control car.,做得好。本控制车的基本训练已结束。
/D975FF04453BC38770FD3AAF250EBFDC,Good work. That concludes all the basics of this control car.,做得好。本控制车的基本训练已结束。
/FCCF18D04FD9D0B012396AA4BA2C5ED3,Good work. That concludes all the basics of this control car.,做得好。本控制车的基本训练已结束。
/059509C942E362C9D1F97FBBD04E87F2,Good work. That concludes all the basics of this locomotive.,做得好。本机车的基本训练已结束。
/1C8EFBCC454BA5534E3355B32C8D4DA6,Good work. That concludes all the basics of this locomotive.,做得好。本机车的基本训练已结束。
/5057956B4EDB767099DC27B3B64D79F0,Good work. That concludes all the basics of this locomotive.,做得好。本机车的基本训练已结束。
/AF14B9DB48ECDD1F58405E88B9086A21,Good work. That concludes all the basics of this locomotive.,做得好。本机车的基本训练已结束。
/C55851E047E6F71D976F90AED0683363,Good work. That concludes all the basics of this locomotive.,做得好。本机车的基本训练已结束。
/DEC22AF849CA00D4157A7486EF168C35,Good work. That concludes all the basics of this locomotive.,做得好。本机车的基本训练已结束。
/99137DEB4C4A609E7A6B44837F22F223,Green,绿色
/2EC52D104E50510252B1E1A3FD5E2CF0,Grünbrücke Tunnel,绿桥隧道
/17B71C824E6A4CF880BA38AB345F670F,HEADLIGHTS,前照灯
/7FB1E89C4093886839D3A091463499CF,HEADLIGHTS,前照灯
/832881A1430B7A359E523F8435726BDE,HEADLIGHTS,前照灯
/F37CC0574C923E533EF7AFB7B37B99CE,HEADLIGHTS,前照灯
/4147676D49E5EBB1002757BD113E040D,HEADLIGHTS & INSTRUMENT LIGHTS,前照灯和仪表灯
/5D9AD8594F93E093B592448495385D33,Hafenbahnhof Siding,港口站侧线
/6AD2FA5449539F8C8E14B1B001B0EA91,Hafenbahnhof Siding 01,港口火车站 01 号侧线
/7C98AC634C34F26621D1B4BE8C110E4D,Hafenbahnhof Siding 02,港口火车站 02 号侧线
/536CE2CE4E245954CF20E7A70C813FA9,Hafenbahnhof Siding 024,港口火车站 024 号侧线
/5884942543CD370354263A880CE3FE12,Hafenbahnhof Siding 025,港口火车站 025 号侧线
/D09AF4264ED466B79DD783B736EB816E,Hafenbahnhof Siding 026,港口火车站 026 号侧线
/AADB9A9C43869637A7EB6DB6E5A6D762,Hafenbahnhof Siding 02b,港口火车站 02b 号侧线
/E757E1D34891CE18805B289020DE9F09,Hafenbahnhof Siding 03,港口火车站 03 号侧线
/E66A8A664C646CC60F6E9391CE4A5E9C,Hafenbahnhof Siding 04,港口火车站 04 号侧线
/7E6DF3974381FAB0A4D3D088D7D187CA,Hafenbahnhof Siding 05,港口火车站 05 号侧线
/74ABA6E04B244F49E9A755BE513FC99D,Hafenbahnhof Siding 051,港口火车站 051 号侧线
/6DB49B284CAF17C2F9A7798EC082405E,Hafenbahnhof Siding 05b,港口火车站 05b 号侧线
/7088C58A4ED54730DD331BAC2BEA88D2,Hafenbahnhof Siding 06,港口火车站 06 号侧线
/E9633C174A7E06227FD32C8A8D6234F7,Hafenbahnhof Siding 060,港口火车站 060 号侧线
/04B30D554B4104724D503694657EBA7B,Hafenbahnhof Siding 061,港口火车站 061 号侧线
/51A497D947F11CC95C3BE4A163494484,Hafenbahnhof Siding 07,港口火车站 07 号侧线
/6C789E074AD43EEF2750BFB9B3CC8F7F,Hafenbahnhof Siding 08,港口火车站 08 号侧线
/2B678CAE49801D6531563EAC524A8170,Hafenbahnhof Siding 09,港口火车站 09 号侧线
/80B47C3A4953FAFD9D91C5AA8E9933DF,Hafenbahnhof Siding 094,港口火车站 094 号侧线
/23FEEDAB4776EA6CA5B035BA2087623A,Hafenbahnhof Siding 10 ,港口火车站 10 号侧线
/6CC2B39F42F619CBDD5961976342BDD0,Hafenbahnhof Siding 101,港口火车站 101 号侧线
/770B6F06456E8BDEE5F2EDA559B4DCD6,Hafenbahnhof Siding 102,港口火车站 102 号侧线
/5E868CA248C100AAF76E0BA8ED63857A,Hafenbahnhof Siding 103,港口火车站 103 号侧线
/4763CB8148F6CA5852CBA2B438D12C4D,Hafenbahnhof Siding 11,港口火车站 11 号侧线
/4E5E26844E470E7671D80B840A344A62,Hafenbahnhof Siding 201,港口火车站 201 号侧线
/80F37E324EDA64D691D9F9901002BB2F,Hafenbahnhof Siding 202,港口火车站 202 号侧线
/E7DBA0F3458F3C84352B45857490D2CD,Hafenbahnhof Siding 21,港口火车站 21 号侧线
/4BFF77E3402A9763D17BD5BFB5956166,Hafenbahnhof Siding 22,港口火车站 22 号侧线
/63021B734F84EE5F439BC5B969C9F5F7,Hafenbahnhof Siding 300,港口火车站 300 号侧线
/CD307A174EF1035F596F57991BA3AC50,Hafenbahnhof Siding 401,港口火车站 401 号侧线
/2FD120754788ADF556DB2F820E9988F8,Hafenbahnhof Siding 402,港口火车站 402 号侧线
/0BEF302F4156BA7147D23EBABE0125C4,Hafenbahnhof Siding 501,港口火车站 501 号侧线
/124CAFA947E54A2C52BF088686A4F09A,Hafenbahnhof Siding 502,港口火车站 502 号侧线
/4029A8F541AAB8336ACEA1BF78A983C0,Hafenbahnhof Siding 503,港口火车站 503 号侧线
/7E2B208F4BECD3704B5F40B8AC877A87,Head down the platform to observe the Banker locomotive,前往站台，观察辅助机车
/051500AB447FB0EB643A968D6A8DD737,"Head down the platform to watch the action, then climb into the leading locomotive to take charge and operate the train through to Lohr.",向站台走去，观看列车运行，然后进入车头机车，驾驶列车到洛尔。
/AFF69686412E97EB98FB2AB35492F3AF,Head to the other end and set the Battery to ON,走到列车另一端，打开电池
/CFF42E2C4F95B38F754DB6A6E20F82D0,Head up to the lead locomotive,前往车头机车
/15C7E27D4B2645C7A4A7018F2EFCA09A,Headlights are important in letting others around know that a locomotive is operational.,有必要打开前照灯来示意别的车辆你的机车正要运行中。
/180D99A5468DEB1C5AE52F8844A96F4A,Headlights are important in letting others around know that a locomotive is operational.,有必要打开前照灯来示意别的车辆你的机车正要运行中。
/3C8E3FF44E2A21001831DB81005EFFB2,Headlights are important in letting others around know that a locomotive is operational.,有必要打开前照灯来示意别的车辆你的机车正要运行中。
/40F7FF0C4DD2B7F2CC5141BB0544B139,Headlights are important in letting others around know that a locomotive is operational.,有必要打开前照灯来示意别的车辆你的机车正要运行中。
/A222902D46056C26A254238BEBC2B966,Headlights are important in letting others around know that a locomotive is operational.,有必要打开前照灯来示意别的车辆你的机车正要运行中。
/E32FFCD846AA46B8DF480486F01F7B7F,Headlights are important in letting others around know that a locomotive is operational.,有必要打开前照灯来示意别的车辆你的机车正要运行中。
/3C50FC9345533DF6D7A54EAEA9FEDE79,Headlights are important in letting others around know that a train is operational.,有必要打开前照灯来示意别的车辆你的列车正要运行中。
/6448012545E3EEE3D7E27780BF0500F7,Headlights are important in letting others around know that a train is operational.,有必要打开前照灯来示意别的车辆你的列车正要运行中。
/90D733604F188B3311AAF1A01803A22D,Headlights are important in letting others around know that a train is operational.,有必要打开前照灯来示意别的车辆你的列车正要运行中。
/172794614FA0783E39A359A8630D30F1,Heigenbrücken,海根布吕肯
/5642D85641B125208A7D3E99D3AFB786,Heigenbrücken,海根布吕肯
/62C987DD450427F4D795B09898DCA1C7,Heigenbrücken,海根布吕肯
/A7C8655C4DEFF6EFF0DDDBAC516661B8,Heigenbrücken,海根布吕肯
/BA3F26364FEB734C442479BA21C6CB2A,Heigenbrücken,海根布吕肯
/BF3166454E69CB623AF073BD98147B30,Heigenbrücken,海根布吕肯
/3378B74E47C1878A88F0AF87BF02FD91,Heigenbrücken - Aschaffenburg Hbf - All Stops,海根布吕肯 — 阿沙芬堡火车站 — 站站停
/6E2BD7B44E3AEA3C8DC68383C8B93A0D,Heigenbrücken - Gemünden - Limited Stops,海根布吕肯 — 格明登 — 指定站点停靠
/2F96E1394A19A7A2F8FFB197B2961E9A,Heigenbrücken Platform 1,海根布吕肯 1 站台
/7EB0BE4F46A5C4E5F49C47A76FAB411B,Heigenbrücken Platform 2,海根布吕肯 2 站台
/D11BCEC044E5FF89DB2355B362ED72A1,Heigenbrücken Platform 3,海根布吕肯 3 站台
/14461DC5424EABA7A96855A1E4B162BE,Heigenbrücken Platform 4,海根布吕肯 4 站台
/FE50A514427B301161E4CC9700D305A9,Hold D-Pad Left to bring up the Dispatch Menu.,按住左方向键调出调度菜单。
/2755A0DD401F737EF1307C9EB17BDB5B,Hold down Right on the D-Pad to access the Headlight options,按住右方向键进入前照灯选项
/36372FFF4E4879EDAB7241A56E1B50A5,Hold down Right on the D-Pad to access the Headlight options,按住右方向键进入前照灯选项
/9DA7B8954E2904D6A43E3982D81F57C0,Hold down Right on the D-Pad to access the Headlight options,按住右方向键进入前照灯选项
/1FAE6F6F46A94A0FAA5EF49514DE3134,Hold down right button to access the Headlight options,按住右方向键进入前照灯选项
/87D44CB2496CF050A7D93C8AABB4E164,Hold down right button to access the Headlight options,按住右方向键进入前照灯选项
/AF0425144287B7DC32F6F6B94981B58A,Hold down right button to access the Headlight options,按住右方向键进入前照灯选项
/8EC0CF1C419640009F556CBAB5DCF2F1,Hold down the R3 button to select from a range of different camera views,按住R3键选择摄像机视角
/F62A2F944E548C4BE0548F917E4175CC,Hold down the R3 button to select from a range of different camera views,按住R3键选择摄像机视角
/15C6AB7F4113707F818FB9BCEA619460,Hold down the Right Stick > Internal Cameras,按住右摇杆>内部视角
/F010E0FF41CB472BEFA7B4A84B335D86,Hold down the Right Stick > Internal Cameras,按住右摇杆>内部视角
/048BE17E4DB1FC8C0EBCFBA9CF7150E1,Hold down the Right Stick and select External and then Front Camera,按住右摇杆，选择“外部”，然后选择“外部车前”
/BC5E5AEA4E4332A37F68E3928855CB89,Hold down the Right Stick and select External and then Front Camera,按住右操作杆，选择“外部”，然后选择“外部车前”
/68DED8D14C2670A82CD79599ACABFD5C,Hold down the Right Stick to select from a range of different camera views,按住右摇杆选择不同的摄像机视角
/6F6FD3D146687640600F3AB2A46B7009,Hold down the Right Stick to select from a range of different camera views,按住右摇杆选择不同的摄像机视角
/18DCCD7D427FE77174E74CA265869781,Hold down the right stick > Internal Cameras,按住右操作杆 > 内部视角
/836A99B84A2779393F4F4CB2A1E51C73,Hold down the right stick and select External and then Front Camera,按住右操作杆，选择“外部”，然后选择“前方视角”
/8298755849BE40D67DFB5B8DC6A6A1E1,Hold left button to bring up the Dispatch Menu.,按住左方向键调出调度菜单。
/0178FDC347D263AB60D116AEBEB2B738,Hold the Battery Switch in the ‘ON’ position for 5 seconds,将电源开关拨至“开启”位置，按住 5 秒
/7706B0B24B56CB0F38A8508B758B1360,Hold the Battery Switch in the ‘ON’ position for 5 seconds,将电源开关拨至“开启”位置，按住 5 秒
/DAA4DA6645E2A3E8F442D48EBA7ACBB7,Hp 0,Hp 0 停车
/38E58A034F68CCF8E681DA8E20CC7D7A,Hp 1,Hp 1 按规定速度运行
/3960C1F0406C3F9D20695CB208F7CEA5,Hp 2,Hp 2 慢行
/1D0160E34178556AE1083FBB87F13860,Hösbach,赫斯巴赫
/699A4006449E0F81F633BFB85DA5B7E1,Hösbach,赫斯巴赫
/714E99BC4DE8B625D440B296FDF3C5B7,Hösbach,赫斯巴赫
/759EE4CB46F398E4FC4CDB9CCF85F657,Hösbach,赫斯巴赫
/91F47F0B440D94A890429E99154A97BC,Hösbach,赫斯巴赫
/A2A207ED4BBA366258BD689413F4DD03,Hösbach,赫斯巴赫
/A587366044251D2F7FDE3BBCEC1C7A00,Hösbach,赫斯巴赫
/E28872874833DBB08A77FA8E80CD086F,Hösbach,赫斯巴赫
/1035BBAE477CD122AC9975892CE1FED2,Hösbach Platform 1,赫斯巴赫 1 站台
/BD69B6CB41EE645F50F33088994BB224,Hösbach Platform 3,赫斯巴赫 3 站台
/45B1BB864C7A22A657508CB272E11069,I,I
/A23AFCBF4F25D6432C77C0B9BE99FD69,INCREASE THROTTLE,提高动力
/5ED03B47499FB9B075244EA354593590,INTERACTIVE ELEMENTS,交互式元素
/7724AC354D1E4495735EE09479095F42,INTERACTIVE ELEMENTS,交互式元素
/8E8E95264FFE1BDEF1E0F4B8917B2034,INTERACTIVE ELEMENTS,交互式元素
/352F22484E35F6D65CB1FA87E375188C,Increase the Throttle to at least 20% to get moving,将节流阀增至20%以上，以开动火车
/848D32904CB7F0BF11C9C39B31B134C7,Increase the Throttle to at least 20% to get moving,将节流阀增至20%以上，以开动火车
/99C6347949677A4ABD6AB0ACBF05AD66,Increase the Throttle to start moving; be careful not to apply too much power too quickly otherwise you might damage the couplings or upset the passengers.,增大节流阀，开始前进。请注意加速时不要太快，否则你可能会损坏挂钩或惊扰乘客。
/CDE2A2EF4581D6C1C8E81B95AF9B90CD,Increase the Throttle to start moving; be careful not to apply too much power too quickly otherwise you might damage the couplings or upset the passengers.,增大节流阀，开始前进。请注意加速时不要太快，否则你可能会损坏挂钩或惊扰乘客。
/D256C7C44D399A071F834395FD6506AD,Increase the Throttle to start moving; be careful not to apply too much power too quickly otherwise you might damage the couplings or upset the passengers.,增大节流阀，开始前进。请注意加速时不要太快，否则你可能会损坏挂钩或惊扰乘客。
/15DE784447B96593648CF69BAD5F57B0,Industrial Freight Move,工业品运输
/6ADB734349F13EB75A5B03A0B7F4DD55,Interlocked,联锁
/6A1028D244C17596E2AAE1A3E810C222,Inverted Triangle,倒三角形
/2E72A2DE40F298BC70F3238C1ABF9962,It is important to use the correct light configuration when the train is operational.,列车运行过程中，必须使用正确的灯光设置。
/C8EF75C2454F0AA6E8B68EAD6A0EE9EE,It is important to use the correct light configuration when the train is operational.,列车运行过程中，必须使用正确的灯光设置。
/D3A98C54462F9647F502D49BCB03D384,It is important to use the correct light configuration when the train is operational.,列车运行过程中，必须使用正确的灯光设置。
/4DCD3F574C45BDE5743676912C9C3E55,Junction,道岔区
/59F68A4C43B065EFAB2C8695271B7567,Junction,道岔区
/721930884C27C3C8FBDB999E5983CEBB,Junction,道岔区
/7A5389614537E7C03EFA9DB72178CC42,Ks 1,Ks 1 进行
/B2D01C704CEB21FC55528399E54DD1BC,Ks 2,Ks 2 减速进行
/3F8E997C4424A8C11CA6699F05A6D705,LINK,链接
/56C6CA0E46D211099076B7ACBA434402,LINK ME,链接我
/29B4D9DD4A61FF2957526EA893C2B7BF,LOOK AROUND,四处看看
/45C2C76B47AE84AB312A918E91C14312,LOOK AROUND,四处看看
/DF96507949DFC88E7FD84591BA6B6BD5,LOOK AROUND,四处看看
/0F0B6AE54E24A2C91EC74199778DBB2C,Langenprozelten,兰根普罗泽滕
/60BF77A14C766B6F7E1AB2AE99EBBFFB,Langenprozelten,兰根普罗泽滕
/FFF3D8FC4B8C045D4C751FA4AC7FFC76,Langenprozelten,兰根普罗泽滕
/E996126648876EE171E3B3AA7AA36AE2,Langenprozelten Platform 1,兰根普罗泽滕 1 站台
/BE49B7CD4124E7FE0795D5979414A127,Langenprozelten Platform 2,兰根普罗泽滕 2 站台
/22AE71164ABF8D58C5360AA663902A4B,Laufach,劳法
/511C443E4B8D187CA5C85585D8C4817C,Laufach,劳法
/60EC145342278E34270BD8BE10704636,Laufach,劳法
/8539AC0C49CD34200EF19E99819C1F08,Laufach,劳法
/AB6178134087AF384F3864A286872BB6,Laufach,劳法
/DB96322845BAD962D7587EB7388E9195,Laufach,劳法
/FF4D428C41E46CF3DAAEC98EC3CBA644,Laufach Platform 1,劳法 1 站台
/285306374E90542EEA54B881B598918B,Laufach Platform 2,劳法 2 站台
/BAA7E3664A12BB95BD5D50BDEE24EEB3,Laufach Platform 3,劳法 3 站台
/BD6176344718763A4399258421F7F1BB,Laufach Reverse,在劳法调头
/ADD43B33447DF5CD21512BB97C358A0E,Laufach Siding 01,劳法 01 号侧线
/79C91B9C4217781A027DE58E91D8FE63,Laufach Siding 02,劳法 02 号侧线
/98A8792649944012455EB583A575AFA9,Laufach Siding 05,劳法 05 号侧线
/57ED9906431B109A7497D785270A1547,"Learn the basics of start-up, stopping and passenger door operations using a BR146.2 electric locomotive.",学习 146.2 型电动机车的启动、停车和乘客车门操作的基本知识。
/D5E6431B498AA4144ABE2C8EFB263406,"Learn the basics of start-up, stopping and passenger door operations using a DBpbfza control car.",学习 DBpbfza 型控制车的启动、停车和乘客车门操作的基本知识。
/882E96A54F0A1B780A0F9A9EE8123F98,Learn the basics of starting and stopping a BR 185.2 electric locomotive.,学习德铁 185.2 型电动机车启动和停车的基本知识。
/77F28A9449C57FC6A25583AC5962F781,Learn to drive the BR 146.2 and about the various passenger routes on this line.,学习驾驶 146.2 型机车，以及这条铁路上的不同客运线路。
/0E7E525546F4FE86BFF91CA80C0D503A,Left,左
/C0E331784AEE9FF3B5B2BD860CCAD023,Left,左
/92095024455556D100DE53A035A0228E,Lf 6 (Full Clearance),Lf 6（标准界限）
/2CB1822F4EA70C770D01389ED023D27C,Lf 6 (Limited Clearance),Lf 6（受限界限）
/89283CC646D2A0AEF764AE9FBEC70FA8,Lf 7,Lf 7 速度标志
/6C76526E409B10704F38FCA2AE54634F,Light Switch,车灯开关
/076388CC4FD909D8291219A385F4CD0E,"Like before, unlock the doors to allow passenger boarding to commence.",和之前一样，打开车门让乘客上车。
/3A1B75284141D2ED0DF928938E8864A4,"Like before, unlock the doors to allow passenger boarding to commence.",和之前一样，打开车门让乘客上车。
/48108CE5426712C562B034B1B38C7E13,"Like before, unlock the doors to allow passenger boarding to commence.",和之前一样，打开车门让乘客上车。
/5A8146E8475BAC89DB304B9CC4B43AA9,"Like before, unlock the doors to allow passenger boarding to commence.",和之前一样，打开车门让乘客上车。
/7B84D99F4407C3345E80C085ED075363,"Like before, unlock the doors to allow passenger boarding to commence.",和之前一样，打开车门让乘客上车。
/810C6F3147C95610EE6C8FB88B60270E,"Like before, unlock the doors to allow passenger boarding to commence.",和之前一样，打开车门让乘客上车。
/6C61EFA54FA7011FAB4058973390EC0D,Line Clear,区间空闲
/2C51834C425EB91484DB7CBFC446A61D,"Line Clear, With Speed Limit",区间空闲且有限速
/19AA9D614BD59DCEAADB20A3F5406CAE,Line clear,区间空闲
/D6C48D6B4D9D3E5FB1A745BF96CB0D30,Loaded Freight Delivery,运输已装载好的货物
/892DAC0C47E6BC79BD9DE0B67FA94F90,Lock the Right Side Passenger Doors,锁定右侧乘客车门。
/D945479F4538BD92330395BFF94034A7,Locked,已锁定
/8CBE223040801F6145F2A3B567685000,Lohr Bahnhof,洛尔火车站
/B1FABE3B47F1201A5A654F854E515BC0,Lohr Bahnhof,洛尔火车站
/C818C02142547FBE03ABD297C2C99488,Lohr Bahnhof,洛尔火车站
/D898768A437CFC83939B9CBD727625E9,Lohr Bahnhof,洛尔火车站
/EE4DC5A549F1A196374515BDBDE640FA,Lohr Bahnhof,洛尔火车站
/F6DEC2A442CCAE3D8730A2AFF10893F7,Lohr Bahnhof,洛尔火车站
/0E85DC9446BE69B40CAD34A086EC154A,Lohr Bahnhof Platform 1,洛尔火车站 1 站台
/AE67A1AB4342FB73B0AD76B5DF37792B,Lohr Bahnhof Platform 3,洛尔火车站 3 站台
/AA3D745E48FF23375E3E57A682DB1D83,Lohr Bahnhof Platform 4,洛尔火车站 4 站台
/43AB7B6246D109CDA3BF5C9569A0137B,Lohr Bahnhof Siding 95,洛尔火车站 95 号侧线
/3AE2B3404555CE0F602B7E8D3F8BAF40,Lohr Bahnhof Siding 98,洛尔火车站 98 号侧线
/226E83244280E7084164F68A3F1AB465,Lohr Bahnhof- Gemünden - All Stops,洛尔火车站 — 格明登 — 站站停
/EC40A7E54DC5D275C04F878FBBA9C38F,Lohr Stadt Industrial Line,洛尔市工业线
/DD2F6160442D0A795995598809EDD992,Lohr Stadt Industrial Siding 1,洛尔城市 1 号工业侧线
/0F3903B54273D012A6B18CBCC05BAA85,Lohr Stadt Industrial Siding 2,洛尔城市 2 号工业侧线
/26A162214F53CF1A02A9F381998D01CB,Lohr Stadt Industrial Siding 3,洛尔城市 3 号工业侧线
/E32732764C082F4E389A83A2613D9012,Lohr Stadt Industrial Siding 4,洛尔城市 4 号工业侧线
/19845C5C44257643994527A5AF2D0C01,MAIN CIRCUIT BREAKER (MCB),主电路断路器（MCB）
/7B76EE8942E9505C1984C688A3697385,MAIN CIRCUIT BREAKER (MCB),主电路断路器（MCB）
/9D243D1C4ADFDCD632391581AE990B59,MAIN CIRCUIT BREAKER (MCB),主电路断路器（MCB）
/3B93BACC42D50EC907A0F081508E4114,MANAGE SPEED,控制速度
/1F77420A48A8021F45F51CB74E040D63,MANUAL,操作手册
/633A22B6492A45FFBE6CC58B1C3DCA4C,MANUAL,操作手册
/EAD96D284C2709BB7D93ABBE0B9E25B2,MANUAL,操作手册
/1087F8BD4D1317ED41ACCD85536C420D,MASTER & INSTRUMENT LIGHTS,主控灯和仪表灯
/5FD52AA4482AD4945FE7A7B4DCD035B1,MASTER & INSTRUMENT LIGHTS,主控灯和仪表灯
/59DBE25647444B234D5648A4336417D7,MASTER KEY,主控钥匙
/61B28C2A4BB1458BB708DB845A7F3CE9,MASTER KEY,主控钥匙
/267C3D494A36C6358528E8AA9FE37B58,MASTER SWITCH,总开关
/558E65F341DE334D95C500BA2A2A4F03,MASTER SWITCH,总开关
/5C2D1EEC42543AD420B2BBB77075A7E1,MASTER SWITCH,总开关
/94DC4C544D7B8BB3F75EB79231C5DAA9,MASTER SWITCH,总开关
/A2566C7148AC8E158BB1669C116563DB,MASTER SWITCH,总开关
/FD66035746691FC579FFD6ADF598E69B,MASTER SWITCH,总开关
/2EEFCD5949BE81203BCD3A95555A38DF,Main-Spessart Bahn,美因—施佩萨尔特铁路
/38548476435FF3239F8829BF24A67446,Main-Spessart Bahn,美因—施佩萨尔特铁路
/810C273E498A4D1D83CCC19222EB2A8D,Main-Spessart Bahn,美因—施佩萨尔特铁路
/B485CFB54095E56CDF3239A9008FAB40,Main-Spessart Bahn,美因—施佩萨尔特铁路
/40662F1645CE5D29510972A304DF6C45,Main-Spessart Bahn Introduction,美因—施佩萨尔特铁路简介
/66F413C547C0763230E45BAD2CF375EC,Main-Spessart Bahn offers the ability to ride and drive both passenger and freight trains over the formidable Spessart Ramp between Aschaffenburg and Gemünden.,在美因—施佩萨尔特铁路，你可以作为司机或乘客登上客运或货运列车，穿过阿沙芬堡和格明登之间的坡度骇人的施佩萨尔特坡道。
/CC42DFF148F03EDC3AA2788AE8C54E66,Main-Spessart Bahn offers the ability to ride and drive both passenger and freight trains over the formidable Spessart Ramp between Aschaffenburg and Germünden.,在《美因—施佩萨尔特铁路》，你可以在难度系数极高的阿沙芬堡到格明登的施佩萨尔特斜道段驾驶客运和货运列车。
/DAC3F7D64EA2CF937A59FD981E361862,Main-Spessart Bahn offers the ability to ride and drive both passenger and freight trains over the formidable Spessart Ramp between Aschaffenburg and Germünden.,在《美因—施佩萨尔特铁路》，你可以在难度系数极高的阿沙芬堡到格明登的施佩萨尔特斜道段驾驶客运和货运列车。
/3A9495F14478415358DCC89DEFB5ED08,Main-Spessart-Bahn Journey,美因—施佩萨尔特铁路旅程
/7550F62A40545B4A2FA198A063D8898E,Marker,标记
/0C4DC6E647AAB2B30780109B1A4CD9CE,Mixed Freight Delivery,混装货物运输
/B5D4D97F4B475E03EE669DA870B61883,Move Habiins freight wagons to Lohr Industrial Yard,将散货篷车编组运送至洛尔工业车场
/D97402AE405AE8DE6BE90689CC26F509,Move Zacns freight wagons to Hafenbahnhof Dock Yard,将罐车编组运送到港口站车场
/0BCAD401424CA9566AF6F6B49C745ABE,Move the mouse to look around,移动鼠标四处看看
/583A35A64F7B1F94AD4819BCB13654EF,Move the mouse to look around,移动鼠标四处看看
/9A6241AE469DE25FA1EB66B25509C4ED,Move the mouse to look around,移动鼠标四处看看
/65E39A7049B480FDE98370B42243EC98,Multiple Unit Move,重联车组移动
/0331828A4C28C72C5A202D98676D72E2,Navigated a Station!,已熟悉车站布局！
/1B1B2B4D45237ADB1A4F70BCEBEEB927,,
/395E370A471FBCBE408CD4BC3882921F,,
/690258394A9D4E371F15CB8CD446E52E,,
/A681448448B66C35ECA266A398301A5B,,
/EBE61F0148B577F4F45B4DAEE2E21B4A,,
/ECD758FE4569D4AABE039FA84B38BC12,,
/3D4DE8ED48A98E05CBEACB91A8AEAF5A,"Now activate the pantograph, so that it raises up and makes contact with the overhead catenary.",激活集电弓，升高至与头顶的高压电缆相连。
/5DEC5F9449E956E99F2AADBFA8A7C3D3,"Now activate the pantograph, so that it raises up and makes contact with the overhead catenary.",激活集电弓，升高至与头顶的高压电缆相连。
/66A44B8041A335034EAC9EBC76C97114,"Now activate the pantograph, so that it raises up and makes contact with the overhead catenary.",激活集电弓，升高至与头顶的高压电缆相连。
/7F2094C340F6D371DD4985AEF869D6BC,"Now activate the pantograph, so that it raises up and makes contact with the overhead catenary.",激活集电弓，升高至与头顶的高压电缆相连。
/8929FE2345C87DEC94DAFB93A29E0B37,"Now activate the pantograph, so that it raises up and makes contact with the overhead catenary.",激活集电弓，升高至与头顶的高压电缆相连。
/B7F4EFDC439F35BE620E2E94C0D75319,"Now activate the pantograph, so that it raises up and makes contact with the overhead catenary.",激活集电弓，升高至与头顶的高压电缆相连。
/C36824AF4175E3B6A946118CDBD8C15D,"Now activate the pantograph, so that it raises up and makes contact with the overhead catenary.",激活集电弓，升高至与头顶的高压电缆相连。
/C5ECD63249D5157CF7FCE9B7741FD928,"Now activate the pantograph, so that it raises up and makes contact with the overhead catenary.",激活集电弓，升高至与头顶的高压电缆相连。
/D337673248ACBAC355525BAD94AF9261,"Now activate the pantograph, so that it raises up and makes contact with the overhead catenary.",激活集电弓，升高至与头顶的高压电缆相连。
/2E2157A64C712BE003045E88CC4CC710,"Now we're rolling, we can apply more power and focus can be diverted towards achieving a desired speed.",我们上路了。现在可以施加更多动力，将速度达到最佳时速。
/62361AAD44D79DD9E26523B1639A5F89,"Now we're rolling, we can apply more power and focus can be diverted towards achieving a desired speed.",我们上路了。现在可以施加更多动力，将速度达到最佳时速。
/77967465407C4045C88769A7E0E3133A,"Now we're rolling, we can apply more power and focus can be diverted towards achieving a desired speed.",我们上路了。现在可以施加更多动力，将速度达到最佳时速。
/B234EAA14BA56539713103AE8B24A8C4,"Now we're rolling, we can apply more power and focus can be diverted towards achieving a desired speed.",我们上路了。现在可以施加更多动力，将速度达到最佳时速。
/C13C5B114122BD43A6E9D983EC57ED27,"Now we're rolling, we can apply more power and focus can be diverted towards achieving a desired speed.",我们上路了。现在可以施加更多动力，将速度达到最佳时速。
/C5C1ED6B4CA73194060A8BAB18AA6725,"Now we're rolling, we can apply more power and focus can be diverted towards achieving a desired speed.",我们上路了。现在可以施加更多动力，将速度达到最佳时速。
/E028BCD2430B8F99BED367ACA70FB4A4,"Now we're rolling, we can apply more power and focus can be diverted towards achieving a desired speed.",我们上路了。现在可以施加更多动力，将速度达到最佳时速。
/E6DA6C3C47E7B5700DE1C99FFBBFBAAD,"Now we're rolling, we can apply more power and focus can be diverted towards achieving a desired speed.",我们上路了。现在可以施加更多动力，将速度达到最佳时速。
/ECCB3EC4435B621ADFFB2C99AC8B2F0F,"Now we're rolling, we can apply more power and focus can be diverted towards achieving a desired speed.",我们上路了。现在可以施加更多动力，将速度达到最佳时速。
/168FE80243E1E309A7F56CB2FAE3E4EB,OPENING DOORS,打开车门
/08072D8E457CE16FFA584A916BAB544B,Off,关闭
/D41C2C9A48C4102D73E917897934DB4D,Once the signal clears set the Brakes to RELEASE and depart,当信号显示为畅通时，缓解制动并出发
/51DF4C9D4DEFBB7E347F99BBD2436E3B,Open the Passenger Doors,打开乘客门
/4FE3942F49E296E2AD58C6A5B8EDC98B,Operate a fast service over the Main-Spessart Bahn with only limited stops.,在美因—施佩萨尔特铁路驾驶快车，在指定站点停靠。
/2D5E5B2A4B61026D0ECA819A7BD137B1,Operate special Banking locomotives out of Laufach station ,驾驶一台专用补机驶离劳法车站
/8522E2E842FB81701A37B6BCD5EBAC8C,Operate special Banking locomotives out of Laufach station ,驾驶一台专用补机驶离劳法车站
/8D5A6F434BB549A1B8B2F8AC4CBAAB9B,Operate special Banking locomotives out of Laufach station ,驾驶一台专用补机驶离劳法车站
/66C3BDB74C263C00D77F8B92E23D886A,Operator,驾驶员
/6F6D8EDA4670B148A7F84089B9A5BC6D,Other internal and external camera views are available to be explored. These can be accessed from the Camera menu.,你也可以尝试使用其他内部和外部视角。你可以通过摄像机菜单选择视角。
/D2FCB01C4EA6F144F2E74099388F84B5,Other internal and external camera views are available to be explored. These can be accessed from the Camera menu.,你也可以尝试使用其他内部和外部视角。你可以通过摄像机菜单选择视角。
/129DC28A45546FFED81E4699C5A7BC43,Other internal and external camera views are available to be explored. These can be accessed from the Number keys.,你也可以尝试使用其他内部和外部视角。你可以通过小键盘选择摄像机。
/1B29171D4ED31CAB74C42B982C7E3127,Other internal and external camera views are available to be explored. These can be accessed from the Number keys.,你也可以尝试使用其他内部和外部视角。你可以通过小键盘选择摄像机。
/20A1F017443EEB37EC763FB1F321EC8A,Other internal and external camera views are available to be explored. These can be accessed from the camera menu.,你也可以尝试使用其他内部和外部视角。你可以通过摄像机菜单选择视角。
/650918504253FDCA635AFEB44F82C2F5,Other internal and external camera views are available to be explored. These can be accessed from the number keys.,你也可以尝试使用其他内部和外部视角。你可以通过小键盘选择摄像机。
/4DBD141C4382A4BB489F4F81C7045E78,PANTOGRAPH,集电弓
/8C917B344C8B669AC442AB8871866EBE,PANTOGRAPH,集电弓
/A13A293941F2DEBD92523286499CA8C6,PANTOGRAPH,集电弓
/0506E22340735DF5A458D58B450840A2,PANTOGRAPH SELECTOR,集电弓选择器
/3AF52F2244CD83EEBC396BAE956356E9,PANTOGRAPH SELECTOR,集电弓选择器
/10419386469C8720270F6092DF0FBB3B,PARK THE LOCOMOTIVE,停车
/4FDB26374D1DB78921FE97839E965FB9,PARKING BRAKE,驻车制动
/BA63C3584F7FD9B31A5C39AE087E1604,PARKING BRAKE,驻车制动
/20B3B55A474ED3B65FE59EA8141D301B,PASSENGER DOORS,乘客车门
/4DFB4A604DF302A6A26D67BF1DCD5EE2,PASSENGER DOORS,乘客车门
/9D344CEC4CBB73E9F4BCA3BDE837727B,PASSENGER DOORS,乘客车门
/B61235A04DFF710BAA880E83B95FBB06,PASSENGER DOORS,乘客车门
/F7DD4A5F4BA9F3621DC396A743BA94F5,PASSENGER DOORS,乘客车门
/1CF60D5D4AFB66E3A5B2BDB15B87DA30,PAUSE MENU,暂停菜单
/8CD5E87746508B9FBA50439A08059978,PLATFORM END,站台末端
/27F1792B4A43B72053D8CBB274C6FC8E,PRECISION CONTROL ,精密控制
/2D49E51F45437946F38E23A7EAEBF607,PRECISION CONTROL ,精密控制
/FDE302DE4C68309CE7050E8564DB2CD7,PRECISION CONTROL ,精密控制
/10E1C8444365872F4C036E83BCA8306C,PRESS [button] TO BEGIN,按下[button]开始
/4549C1804A026AA7D0DD11852ABEFD48,Partenstein,帕尔滕斯泰因
/88E29E174DBA3CB8BAF870AF1227DB6C,Partenstein,帕尔滕斯泰因
/BA54B3674868EEC7621CA9A7F27AA761,Partenstein,帕尔滕斯泰因
/FC3DB31D461A23A698E6CABF279D3228,Partenstein Platform 1,帕尔滕斯泰因 1 站台
/06EFB7BD4E26A40C8B04B19840B1537F,Partenstein Platform 2,帕尔滕斯泰因 2 站台
/47CEB9464441C0E6A555C08C1A0C171E,Passenger Cab Car Driver,乘客驾驶室车厢司机
/0F9F80D14C442967CD9E698FD769662B,Passenger Loco Driver,乘客机车司机
/359246B949C3B4175065E790C232B3A0,Pickup and Delivery,装载和运输
/A64FD15149CFAC2CDE4DC7A3C6157175,Pickup mixed freight wagons and deliver them to Hafenbahnhof dock yard.,挂接混编货物车厢编组并运输至港口站货场。
/121B5FF24ADB41D3B416FE82C8CEFFB0,Port Construction Yard,港口建筑站场
/65B717EB42A8E8D399B6038E5D7D46B0,Port Container Yard,港口集装箱站场
/9C21E0C246AFF2D6EA3D80A349DD1445,Port Locomotive Depot,港口机车车库
/AEFAC3C84C67D3BE3762279752EA213F,Port Rail Yard,港口铁路站场
/DBFE46ED4952C8DB7691CC8D7ED7AF87,Port Scrap Yard,港口废品站场
/7A7C76454033BDC26F2561BD7A37799C,Post,立柱
/AFDF3DC544629ACB8F28F7814BE1B7E1,Post,立柱
/FB1EBFB94D181C7C24BF58843F6F1B48,Press '1' to return to an Internal Camera,按“1”回到内部视角
/D11011C540FDD94977543BA64D487168,Press '3' to access the Front Camera,按“3”控制外部前方视角
/3482E27E4A554A49A15EB09C27602956,"Press 'Esc' to bring up the pause menu, if you miss anything",如果你有什么没明白，就按下“Esc”调出暂停菜单
/78A8C65D452BCAF386EE95B99C494354,"Press 'Esc' to bring up the pause menu, if you miss anything",如果你有什么没明白，就按下“Esc”调出暂停菜单
/D481474F48664D8848A5DA8E80DDE7C3,"Press 'Esc' to bring up the pause menu, if you miss anything",如果你有什么没明白，就按下“Esc”调出暂停菜单
/622FF91A459147870B0173A75857D2A8,"Press 'Menu' button to bring up the pause menu, if you miss anything",如果你有什么没明白，就按下“菜单”按钮调出暂停菜单
/62599F7B481DEF296C89C68D37EF3A7B,"Press 'Menu' button to bring up the pause menu, if you miss anything",如果你有什么没明白，就按下“菜单”按钮调出暂停菜单
/B04013954E4F734B872A9C83684BD206,"Press 'Menu' button to bring up the pause menu, if you miss anything",如果你有什么没明白，就按下“菜单”按钮调出暂停菜单
/0DEA65C44032EC68A1759B83F9BFD156,Press 'Y' to switch between Camera / Driver navigation modes,按 Y 按钮切换摄像机和司机模式。
/0049BA144621C7C7E7071785B56EEA81,Press E to sit in any available seat,按下“E”在空闲座位坐下
/2732B42D4E5066E9AE338E8D75D8825C,Press E to sit in any available seat,按下“E”在空闲座位坐下
/DF9B78A24601A225F588BB84E0B0D2C9,Press E to sit in any available seat,按下“E”在空闲座位坐下
/036AAE0A4ABB01FD8F3C1C969D443B76,Press Y to sit in any available seat,按 Y 按钮在空闲座位坐下
/8F2FEEE448E8F73542C5B0890CD14FD4,Press Y to sit in any available seat,按 Y 按钮在空闲座位坐下
/D1A2F06F40383C513B9FE18AD595C203,Press Y to sit in any available seat,按 Y 按钮在空闲座位坐下
/7C9653E04CCF47DD26646893BF7AA8D0,Press a combination of Arrow Keys and Mouse to fly the camera around,结合方向键和鼠标，自由移动摄像机
/068C6E9743548FF3D28692B1BB99A7C7,"Press the OPTIONS button to bring up the pause menu, if you miss anything",如果你有什么没明白，就按选项键调出暂停菜单
/27EBDA684DDD2A571C3AFBBCECE3DEFC,"Press the OPTIONS button to bring up the pause menu, if you miss anything",如果你有什么没明白，就按选项键调出暂停菜单
/D699CDFF43B38833DA2F0798066CF7A0,"Press the OPTIONS button to bring up the pause menu, if you miss anything",如果你有什么没明白，就按选项键调出暂停菜单
/2C4AEB83401C62F2664323B69720604B,Press the R3 button to switch between Camera and UI Navigation,按下R3键切换摄像机与UI导航
/6DFF4EC740D2FD9F29BEC4AABB983D52,Press the R3 button to switch between Camera and UI Navigation,按下R3键切换摄像机与UI导航
/AF3E82304B456EFE41B69B85C75D01A0,Press the R3 button to switch between Camera and UI Navigation,按下R3键切换摄像机与UI导航
/B21A26E74677B25FFBBBB281C93A94AD,Press the TAB key to bring up the Dispatch Menu.,按“TAB”键调出调度菜单。
/2D5798894EE5E2334B502DB31D4A6707,"Press the options button to bring up the pause menu, if you miss anything",如果你有什么没明白，就按选项键调出暂停菜单
/35C8A6B24C904B24D6106E8554680477,"Press the options button to bring up the pause menu, if you miss anything",如果你有什么没明白，就按选项键调出暂停菜单
/F0A8B6EF412683A830B2CCBF13371DA6,"Press the options button to bring up the pause menu, if you miss anything",如果你有什么没明白，就按选项键调出暂停菜单
/174745414AC910F646031CB636568A12,Press the triangle button to sit in any available seat,按下三角键在空闲座位坐下
/97A0BAD543567505108BE39C9BA15B30,Press the triangle button to sit in any available seat,按三角键在空闲座位坐下
/9F5E25B1461B09F4919DBABCF22D69F2,Press the triangle button to sit in any available seat,按下三角键在空闲座位坐下
/FA565DA940F5E9AE0878F0B68B9D0811,Press the triangle button to sit in any available seat,按下三角键在空闲座位坐下
/06FFA2D046FF7ECCBE55BC98B82A5DAC,Press the triangle button to switch between Camera / Driver navigation modes,按三角键切换摄像机和司机模式
/6371072746DCA6DB932F81BBF839EE39,Proceed on sight,目视行车
/F7BFB869482F79DE70B5938D58D119A4,Put all your skills to use as you step up to being a full mainline certified driver taking on tasks across the breadth of the operations on this railway.,在你成为一名全能型司机的过程中，你应该充分发挥你的技能，承担铁路上一系列的运输任务。
/2858FEB9409634F050C1FFB262D45187,REACH SPEED,达到速度
/A3EE2278409166EDC1FA72AEF07243E7,REACH SPEED,达到速度
/B269DE2745D0DA178ACB3F97A1147B95,REACH SPEED,达到速度
/010B29BD4EF6C3D7FF1025A485112CBE,READY TO DEPART,准备出发
/371464454820431607C26E959A96CBE3,READY TO DEPART,准备出发
/482CE2FB4DB46579B2285496D147B499,READY TO DEPART,准备出发
/DC7064AF4EAD39F635C3618A9B467547,READY TO DEPART,准备出发
/DE2C6B9C4B2733CA3C5C85A6C8CAE99D,REGIONAL EXPRESS,城乡快车
/3F82CAA44023479A131ACBAA1DFACE1D,REVERSER,反向器
/63C562204CE1AFD9CB071293D35DF286,REVERSER,反向器
/A757685B49D4D26260F50BA3FE27BCA2,REVERSER,反向器
/2A25549B465216D7530CF4A32BAD8D55,Raise the Pantograph,提高受电弓
/3E662AE442DAFB3EB26ED78A61D83C97,Red,红色
/15411CE744FFA6B2A2425BBEDD1D2CC1,Regional Express,城乡快车
/6BF5D2A641D1BCAFDF38198B8F59292A,Release the Brakes and depart when ready,缓解制动并准备好发车
/6CCD256E4A02D00A8BC58BBC55C7D40F,Release the Brakes and depart when ready,缓解制动并准备好发车
/8C19D6DF4AD6D5BBBC36DDA3BA0286AC,Release the Brakes and depart when ready,缓解制动并准备好发车
/C30583864AA03BEE44F0D6AE4C83B8D6,Release the Brakes and depart when ready,缓解制动并准备好发车
/EE68C86644EF0014A8D8F7B82EF3DFA2,Release the Brakes and depart when ready,缓解制动并准备好发车
/BF125BA04C8FA8585CED56B85EBA981B,Release the Parking Brake,解除驻车制动
/F47EA60E4A96E59D8268769AAF672A36,Release the Parking Brake,解除驻车制动
/AADF043F4DD1137D6F449A8505268C71,"Remember, you can open doors by clicking on them with the mouse",请记住，用鼠标点击车门，打开车门。
/FF4775E94F1AFF594EC20B8B286BA3DE,"Remember, you can open doors by looking at them and pressing A",请记住，看向车门并按 A 按钮，打开车门。
/7D01946B40700FA08B14A9B6D7D1ACCA,"Remember, you can open doors by looking at them and pressing X",请记住，看向车门并按“X”键，打开车门。
/CE31596440DE9A8A479D3DB642182418,"Remember, you can open doors by looking at them and pressing cross button",请记住，看向车门并按交叉键即可打开车门
/61C1F84F489682CD501BE6B037000FD4,Return back to Camera Navigation Mode,回到摄像机导航模式
/77F968AB4F87B742A70531B336355272,Return back to Driver Mode,回到司机模式
/B8F887BF43D3E01E37DB9F97509B47D3,"Return the banking locomotive to Laufach and back to the siding again, ready for your next duty.",将补机开回劳法的侧线，准备下一趟任务。
/41B5F896403C54474AD4C88627F5E7B9,Return to First Person view,回到第一人称视角
/94F3BD9441EDCBDDDB1435A8CC3D06A2,Return to First Person view,回到第一人称视角
/82EADED045F941B90F27169F6CCFEF85,Right,右
/84FF878845B2BF3154BCB3BD47E4373D,Right,右
/491A44784E617E8D69186AB09BEF8E39,Rotate Left,向左旋转
/0E732B614452A8F30B20C1A45AC8D49D,Rotate Right,向右旋转
/7900E98C4EF129F34F08299CA5F58D73,SATURDAY CIRCUIT,星期六环行
/27CCC090427415A9AE2629A3110D57A2,SECURE THE TRAIN,停稳列车
/85D8CC9C41FC3189EF3878AA2B440F43,SECURE THE TRAIN,停稳列车
/A363D43443B6CDFE524A81B6AE736A31,SECURE THE TRAIN,停稳列车
/2C25FDD04513C53B40B1F188280E7F6B,SECURE TRAIN,锁定列车
/21EA5F224379C8A5F42A368F0F2E1E80,SET THROTTLE,设置节流阀
/2347303B4B48FE942516FDBD0D88E910,SET UP TRAIN,准备列车
/D616CA9A48526F044BC601A2E07C54EE,SET UP TRAIN,准备列车
/84EFD6E0480FBB610B2A84B948E8159A,SHUT DOWN CAB,关闭驾驶室
/01A052584DC706DF2ED4D38C9EBC803F,SIGNAL LIGHTS,信号灯
/582AB6D74CE360F73E210BADCA9E4DEC,SIGNAL LIGHTS,信号灯
/1A51FADA4D39D937C346278F5E54881B,SIT IN SEAT,请入座
/32E7369244B48BBC2FE9A69945FA9010,SIT IN SEAT,请入座
/4013C779409C727650CC8B8D07CCD7DA,SIT IN SEAT,请入座
/66CF641F4821B785BFAFC7AB5D750C6C,SIT IN SEAT,请入座
/8229AD2D4E122938E5420797EBF9B2FA,SIT IN SEAT,请入座
/94AB697A42D9D39F68A54EAD71A498F5,SIT IN SEAT,请入座
/B71B1A3947DDACBE798010B6733024F9,SIT IN SEAT,请入座
/132A94354C1CE96765689784E581D974,START UP LOCOMOTIVE,启动机车
/813F7CFF4860739EBA1F6996703D604C,START UP LOCOMOTIVE,启动机车
/F3FAEABB4695F5ACBCFFDABD378A0B0B,STOP LOCATION,停车位置
/7B1F4DC14FB3A63FEBAA3289C0FC7550,STOP TRAIN,停车
/398E5B3E48950D91703CAC8A2BEE7625,SWITCH CONTROL TYPE,切换控制类型
/9F24D68646C235547C6852BFAA5A5A74,SWITCH CONTROL TYPE,切换控制类型
/E877436B48D180720C6E88827491DA25,Saturday Circuit,星期六环行
/1A2C6F1C4452E9B8EC47B2A780E1EEA3,Schwarzkopf Tunnel,施华蔻隧道
/C140E856452C97E3693057BB7345AE2E,Schwarzkopf Tunnel 1,施华蔻隧道 1
/EAE09EF34D9D491CF304D3B6A40E69FE,Schwarzkopf Tunnel 2,施华蔻隧道 2
/51413D364CB0C26685AB27BB6C6A21FE,Schönrain Tunnel 1,舍恩兰隧道 1
/AD8BFF474127B97FCE6534A75F48378D,Schönrain Tunnel 2,舍恩兰隧道 2
/2F73B0D147701CF5E90E25890D20B67A,Set the Air Compressor to ON,将空气压缩机设置为“开启”
/6C2FA8B949D0442001C465BEFAEEDD80,Set the Brake Key to OFF,将制动键设置为“关闭”
/412BC2A34F5BEDA6CFCC0CAA9765327B,Set the Brake Key to ON,将制动键设置为“打开”
/54791D9D4ECA1720632099974C54706E,Set the Brake Key to ON,将制动键设置为“打开”
/605DCE30474977F0258F46ABA52070E5,Set the Brake Key to ON,将制动键设置为“打开”
/BABFF4BE42DF67CDDD0143AC6B12B881,Set the Brake Key to ON and Reverser to FORWARD,将制动键设置为“打开”，反向器为“前牵位”
/A815F3F84F6B61272B326491BE6708CF,Set the Door Locking to LOCK ALL,将车门锁设为“锁定全部”
/068F92E1447BE0523EBE989746B6BC76,Set the Door Locking to UNLOCK RIGHT SIDE DOORS,将车门锁设为“解锁右侧车门”
/653DD3BF44408283C25021BE78930A09,Set the Door Side Selector to UNLOCK RIGHT SIDE DOORS and then open them,将车门控制设为“解锁右侧车门”，然后打开车门
/68BE36BB4A2F81E83FBE2F8945167916,Set the Door Side Selector to UNLOCK RIGHT SIDE DOORS and then open them,将车门控制设为“解锁右侧车门”，然后打开车门
/E66F02CC432DAF3B0C29079783DAA4C8,Set the Door Side Selector to UNLOCK RIGHT SIDE DOORS and then open them,将车门控制设为“解锁右侧车门”，然后打开车门
/54B9369E4DA5580C149D239AD79021B5,Set the Headlights & Instrument Lights to ON,将主控灯和仪表灯设置为“打开”
/AC5BA3AA4A00545D0F0BA88123121AF4,Set the Headlights to SIGNAL LIGHTS - NORMAL,将前照灯设置为“信号灯 — 正常”
/74021F9C4BACD16B7C017784950BFB14,Set the Main Circuit Breaker to CLOSE,将主电路断路器设置为“关闭”
/1729361C4DC58BE63AF44BB1F8E7EE5A,Set the Master & Instrument Lights to ON,将主控灯和仪表灯设置为“打开”
/620F744E4A8C11B248D941917DB4438B,Set the Master & Instrument Lights to ON,将主控灯和仪表灯设置为“打开”
/8C38FA4941EB3E30EC9256BC67FD5ED8,Set the Master Switch to FORWARD,"将总开关设为""前牵位"""
/A3725A70460124D9CDC649B027D20CAC,Set the Master Switch to FORWARD,"将总开关设为""前牵位"""
/55C65EAE4D6212D39E45EA90A405E465,Set the Master Switch to FORWARD and Train Brake to FULL SERVICE,"将总开关设为""前牵位""，列车制动至""全运行""状态"
/94D077BD4EE06C0EB6E0979DB354B57B,Set the Master Switch to FORWARD and Train Brake to FULL SERVICE,"将总开关设为""前牵位""，列车制动至""全运行""状态"
/A363F2E6418243E87176EE979F9599B2,Set the Master Switch to FORWARD and Train Brake to FULL SERVICE,"将总开关设为""前牵位""，列车制动至""全运行""状态"
/B524EEFD43CE5392170F1381F5935BA7,Set the Master Switch to NEUTRAL,"将总开关设为""空挡"""
/D807EEA04EF5F36720906B9314827121,Set the Master Switch to NEUTRAL,"将总开关设为""空挡"""
/9D7C5E704B8DCBDCCCBA529D9F517B4C,Set the Master Switch to NEUTRAL to charge the brakes,将总开关设置为空挡以为制动充气
/D2A232924527065F30978C96AF835ECD,Set the Master Switch to NEUTRAL to charge the brakes,将总开关设置为空挡以为制动充气
/DB1DBDD942FE5FBE6D2A39BF4F5AC13C,Set the Master Switch to NEUTRAL to charge the brakes,将总开关设置为空挡以为制动充气
/691C4B65460D59FAFE0C90BD34A67839,Set the Master Switch to OFF and Parking Brake to ON,"将总开关设为""关闭""，驻车制动至""打开""状态"
/CCB0ACF944C89EAF26DAEF8908582DD9,Set the Master Switch to OFF and Parking Brake to ON,"将总开关设为""关闭""，驻车制动至""打开""状态"
/35096646450FBBC7389F81BD3BE244F7,Set the Pantograph Control to RAISE,将集电弓控制设置为“升高”
/80E2AEDE41085EC99C6772BD3BFD7EC3,Set the Pantograph Control to RAISE,将集电弓控制设置为“升高”
/465082794D4CD7FB49E4268CDE68D502,Set the Pantograph Selector to AUTO,将集电弓设为“自动”
/71A356284C16A63605472BB08ECFABFE,Set the Pantograph Selector to AUTO,将集电弓设为“自动”
/00DE118E4763E4FADC367C88B751AD5F,Set the Pantograph to RAISED and MCB to CLOSED,将集电弓设置为“升高”，电路断路器设置为“关闭”
/40138DAC456BEF863B6F37B6EF5CF480,Set the Pantograph to RAISED and MCB to CLOSED,将集电弓设置为“升高”，电路断路器设置为“关闭”
/B85B4B864C637E43490E229ED473D7A8,Set the Radio Control system to ON,将无线电控制系统设为“打开”
/7605EBC84BA9699FBA1262AEDB5B4CA4,Set the Reverser to FORWARD,将反向器设置为“前牵位”
/C4B01449473FF4F941C109894DE4AEDD,Set the Reverser to FORWARD,将反向器设置为“前牵位”
/E4C7F76A44B7D0F007D4E6BBC0A44098,Set the Reverser to FORWARD,将反向器设置为“前牵位”
/AF4B5D0241889C924E060AB1D6DD2015,Set the Reverser to NEUTRAL and Parking Brake to ON,将反向器设置为“空档”，驻车制动为“打开”
/D4BE8EE6412C743A542848983D7BF20D,Set the Reverser to NEUTRAL and Parking Brake to ON,将反向器设置为“空档”，驻车制动为“打开”
/202D1D764AA81AE7E88D97BF4AE91EBD,Set the Reverser to OFF,将反向器设置为“关闭”
/58C51F9746314F161A2A4EABE19BB404,Set the Reverser to OFF,将反向器设置为“关闭”
/6E70627E4C0FA6A9A8D8238862D858C4,Set the Signal Lights to HEADLIGHTS,将信号灯设置为前照灯
/9483D10F4047A2B030EE5083C8F2F1A2,Set the Signal Lights to HEADLIGHTS,将信号灯设置为前照灯
/15B4E3A5476D75238B6954A5B99E6C78,Set the Throttle to 30%,将节流阀设置为 30%
/06AE6A524C9087792FB29EAE871B392A,Set the Throttle to OFF,将节流阀设置为“关闭”
/13896087465E2913156C3FA753ACB3E7,Set the Throttle to OFF,将节流阀设置为“关闭”
/71DCFADC46562780492BBF85DD6D7A32,Set the Throttle to OFF,将节流阀设置为“关闭”
/04DD95CF4A876F8605669A8249E9828C,Set the Train Brake to RELEASE,将列车制动设置为“解除”
/0726207F4B6A7172DDD9BF86C60FA051,Set the Train Brake to RELEASE,将列车制动设置为“解除”
/2B2CC4994DCB32C90E995092557C1320,Set the Train Brake to RELEASE,将列车制动设置为“解除”
/F0C1EE6E455273D8673C74A7CA99F23B,Set the Train Brake to RELEASE and Master Switch to OFF,将列车制动设置为“解除”，主开关为“关闭”
/45E27B5B4103F82FAED18181F54188A0,Set the Train Brake to position 1B,将列车制动移至1B位置
/462F553E4EBF0F25E2E41CB394A27529,Set the Train Brake to position 1B,将列车制动移至1B位置
/8E532C5F4BE931F21AF25CAF2ECC1E82,Set the Train Brake to position 1B,将列车制动移至1B位置
/79DEEDD540F17786F79F1EB164CE5F11,Set the headlights to REDUCED,将前照灯设置为“较暗”
/E9F6C4F04DD9298D3623ACB82A539207,Set the headlights to SIGNAL LIGHTS - NORMAL,将前照灯设置为“信号灯 — 正常”
/D6E857C848064055C2202696480B5AFE,Sh 1,Sh 1 允许调车
/35E0893D463969DDCDE367B3C65DBF81,Shimmns Freight Delivery,希姆斯货运
/D975ED82407444790EC28CA082758353,Shunt maneuver permitted.,允许调车作业。
/0944E3CE4C229829C53FED9EDA020FD4,SignalID,信号机标识
/E6C36872484955EF03054EBFF7969EA0,Sit in any available seat,在空闲座位坐下
/19298CE845EBE2B40449EAB2A90BD708,Sit in the Driver's seat,入座驾驶位
/73C08CBA4C51108304437FBA9816C78A,Sit in the Driver's seat,入座驾驶位
/EBE089C54AD2FAC4C413FFBE09CD7D2C,Sit in the Driver's seat,入座驾驶位
/F072AE7B4C4E7E3A07619AB7FA66C632,Sit in the Driver's seat,入座驾驶位
/4826C2C9484C62881E4EBA8ED03CD8DD,Sit in the Driver's seat to get started,坐上驾驶位以开始
/8D899EA24497E0993FC635A39A0BBC7D,Sit in the drivers seat of the control car,入座控制车的驾驶位
/80D24B1F46CF388EDBE5A79AFCF32098,Sit in the drivers seat of the locomotive,入座机车驾驶位
/87B104E446204A52237AD389D5D83430,Sit in the drivers seat of the locomotive,入座机车驾驶位
/348ED2AA49F712A538C7B38FA4207498,So 20 Both,So 20 双向
/5372BE0F40F3BF989821A4B486BD1E7F,So 20 Both,So 20 双向
/39C595E34297EC2915AE558694F902C3,So 20 Left,So 20 左向
/88AF4C8548D0B18168BAAB8A9BB2BC08,So 20 Left,So 20 左向
/243560D14CA5F2EC01C2608D2E92D35A,So 20 Right,So 20 右向
/A2653B5D46EE7B5DCBECC494BB3C401C,So 20 Right,So 20 右向
/119126E04016644F89BC61BECA813518,Solltest du nicht einen Zug fahren?,Solltest du nicht einen Zug fahren?
/2261CF884A07AD9FE1B8FBBB6B120653,Some of this shipment is destine for local industry. Head back and uncouple the rear five tankers.,这批货物中的部分需要被运到当地工厂。请返回，断开后面五节货车厢。
/1B01EEC84B7D025E6A0C85AAD480CB0A,Speed,速度
/9243E00A405A7E2C6091C2AECB43B827,Start your journey at Aschaffenburg at the head of either a passenger or freight train. ,在阿沙芬堡开始你的旅程，进入一辆客运或货运列车的车头。
/B2BE8BFF412BED43A13E17B43C203925,Start your journey at Aschaffenburg at the head of either a passenger or freight train. ,在阿沙芬堡开始你的旅程，进入一辆客运或货运列车的车头。
/F8CAE458433B80A9EDF8C2B3A829B8E9,Start your journey at Aschaffenburg at the head of either a passenger or freight train. ,在阿沙芬堡开始你的旅程，进入一辆客运或货运列车的车头。
/644A4FFE434E4EBB66BA9C97599EBC46,StaticText,静态文本
/0A27D27C4B0862369C2547B8164CB310,Stop,停车
/F577ABD24AE8875F679B80BA5EB3B337,THIS SHOULD BE HIDDEN,THIS SHOULD BE HIDDEN
/1350E75E446E8015049A88BDA488A530,THROTTLE,节流阀
/22F29CF347B616083D4E3F80D43A76EA,THROTTLE,节流阀
/2B064CDF4815FEFF80EF0CA46E8E2C4B,THROTTLE,节流阀
/911D7FFF4D0D9209D44E2B8D98A387EE,THROTTLE,节流阀
/97F609A345C8691112AA6E93CBC31D71,THROTTLE,节流阀
/AAEE1E3245E0076DF19CA297D8AD047D,THROTTLE,节流阀
/1FE7744A4EB8B7E07EB456923350934B,TRAIN BRAKE,列车制动
/2C800A6D44212EE7FB89448A43A57202,TRAIN BRAKE,列车制动
/390B72BB4C91F4DD2E42248661A857E4,TRAIN BRAKE,列车制动
/50B8AE4B4ED156DFE12EB5BC3E7740FF,TRAIN BRAKE,列车制动
/573C478D44F470BA049EEFBBE4E093D2,TRAIN BRAKE,列车制动
/61FA6419464D4C02BA1EEEAEF5314504,TRAIN BRAKE,列车制动
/84FA81F84A07A79F3539668D26369ED2,TRAIN BRAKE,列车制动
/8984F07249D092A78C6D52B04324BF1E,TRAIN BRAKE,列车制动
/F8B973764124EC9AF2EE7CB34556C1B7,TRAIN BRAKE,列车制动
/CAB7C0F64A7CA4D373D4C28D1F992B4E,TRAIN DOORS,车门
/849AC42F4DFE4A31AF8093A42A0ABCC7,Take a brief ride along the Main-Spesssart Bahn and learn what is available to be discovered.,沿着美因—施佩萨尔特铁路行驶，发觉可供学习的项目。
/41B3547B4F46AAE1C10F5FAD7C4B6F12,Take part in hauling a huge shipment of aviation fuel heading east. A banker will join the train at Laufach for the climb to Heigenbrücken.,向东拖运这批巨量的航天燃料。在劳法，连挂一辆辅助机车，以帮助你爬上海根布吕肯的山坡。
/358B6B89435981434EBCE79AB9E054F0,Take the train out of service at Aschaffenburg Hbf.,停止运行列车，将其停在阿沙芬堡。
/5D9983034454FC4916AE3E83E91CD375,The Battery will power up the control desk and allow you to interact with it.,电池将为控制台提供电源，接通后你可在上面操作。
/73734AEC4EEBF3B06FAC729AE82E1700,The Battery will power up the control desk and allow you to interact with it.,电池将为控制台提供电源，接通后你可在上面操作。
/7E53DE814C6FBA7476B33D828A08D010,The Battery will power up the control desk and allow you to interact with it.,电池将为控制台提供电源，接通后你可在上面操作。
/860BC3AC4F15AEA815EBAD8E388C33A7,The Battery will power up the control desk and allow you to interact with it.,电池将为控制台提供电源，接通后你可在上面操作。
/B6CE278545B25A7A3D8CD89A509B2439,The Battery will power up the control desk and allow you to interact with it.,电池将为控制台提供电源，接通后你可在上面操作。
/CD4EED0141C07EDB33ACAD963F30DB27,The Battery will power up the control desk and allow you to interact with it.,电池将为控制台提供电源，接通后你可在上面操作。
/E2392776424E5A34401FF89674C2D025,The Battery will power up the control desk and allow you to interact with it.,电池将为控制台提供电源，接通后你可在上面操作。
/E34480FE41F4C7DBC6E8E0B1C24705A4,The Battery will power up the control desk and allow you to interact with it.,电池将为控制台提供电源，接通后你可在上面操作。
/E8121B864CCF0D8FD8680280BF10D403,The Battery will power up the control desk and allow you to interact with it.,电池将为控制台提供电源，接通后你可在上面操作。
/3FBF6C824245686994125191C9D62DC8,The Brake Key confirms the train is in control from this control car.,制动键确认可以在该控制车厢控制列车。
/609FB34E40CDE69C8946A9BAF08360B2,The Brake Key confirms the train is in control from this control car.,制动键确认可以在该控制车厢控制列车。
/ACB124C04209D8A7B6D07C8D254E7420,The Brake Key confirms the train is in control from this control car.,制动键确认可以在该控制车厢控制列车。
/23394CD84D38CBE2FC89CD84EADBE0CD,The Train Brake is used for normal line operations.,列车制动用于正常线路运行。
/2B7DA1D341AC54F664D6A1971F8E1D33,The Train Brake is used for normal line operations.,列车制动用于正常线路运行。
/469F08DB42DB90DEFB69C4B3FCF9D45B,The Train Brake is used for normal line operations.,列车制动用于正常线路运行。
/65B77D964CFF1D81679D47870CF42D3C,The Train Brake is used for normal line operations.,列车制动用于正常线路运行。
/6F5D464B43584B0E314117BB7CABDA7A,The Train Brake is used for normal line operations.,列车制动用于正常线路运行。
/A72021934A3812BE91B3F4B13A7CFBE2,The Train Brake is used for normal line operations.,列车制动用于正常线路运行。
/AA8E42314BBF2A8EEC383A9BB3F84628,The Train Brake is used for normal line operations.,列车制动用于正常线路运行。
/B7E9CBC4408ACD9D887F889372805E1B,The Train Brake is used for normal line operations.,列车制动用于正常线路运行。
/E3E9815248A56097104852BB33E4E6F0,The Train Brake is used for normal line operations.,列车制动用于正常线路运行。
/04F0544B470046CE64DBF4B1691A470A,The locomotive is now ready to be energised. This is controlled by the Main Circuit Breaker. ,机车已做好启动准备。可用主电路断路器操控。
/8F1EAA79471740C0C0573C81B58C71E6,The locomotive is now ready to be energised. This is controlled by the Main Circuit Breaker. ,机车已做好启动准备。可用主电路断路器操控。
/969EA8BA4A2834E3EE0C1A9B3B9D566F,The locomotive is now ready to be energised. This is controlled by the Main Circuit Breaker. ,机车已做好启动准备。可用主电路断路器操控。
/9C86F93041FC189BAFD39987E0615097,The locomotive is now ready to be energised. This is controlled by the Main Circuit Breaker. ,机车已做好启动准备。可用主电路断路器操控。
/9F73B81F4C4D6E6A33A90B8FA2E5FEFA,The locomotive is now ready to be energised. This is controlled by the Main Circuit Breaker. ,机车已做好启动准备。可用主电路断路器操控。
/B1949FC14A4F8CB8DBAB7C91CE9FCF0F,The locomotive is now ready to be energised. This is controlled by the Main Circuit Breaker. ,机车已做好启动准备。可用主电路断路器操控。
/CDC2C5DE44E63EF8E3ACB0908F91FA36,The locomotive is now ready to be energised. This is controlled by the Main Circuit Breaker. ,机车已做好启动准备。可用主电路断路器操控。
/F2A235B84B1CEFC54FF456AC27B2D544,The locomotive is now ready to be energised. This is controlled by the Main Circuit Breaker. ,机车已做好启动准备。可用主电路断路器操控。
/FA89F48D4F4AF5C1E51219B4AF9CD021,The locomotive is now ready to be energised. This is controlled by the Main Circuit Breaker. ,机车已做好启动准备。可用主电路断路器操控。
/E080B99445B1B45AD614A4972E51A2C3,The rear 5 tankers,车尾 5 辆罐车
/B544BFA549BB6F947C4806B14AAA0636,The rear locomotive,车尾机车
/54BE27CA4736F74ECA5C68BABB3F79C3,Then descend to the eastern limit at Gemunden am Main. ,然后开下坡道，一路前往美因河畔格明登的东面。
/9B5C37644BFF4C377E42CB90FF55EFF9,Then descend to the eastern limit at Gemunden am Main. ,然后开下坡道，一路前往美因河畔格明登的东面。
/D6C665284AE0D0482B6232977419826C,Then descend to the eastern limit at Gemunden am Main. ,然后开下坡道，一路前往美因河畔格明登的东面。
/25A263C14FB525F29C05EFA62F06EF69,There’s a short distance between here and the next stop so be sure to manage the train and prevent overspeeding.,从这里到下一站的距离很短，请控制好列车，避免超速。
/4F491722429B12DF7E18A99ABDC00B8C,There’s a short distance between here and the next stop so be sure to manage the train and prevent overspeeding.,从这里到下一站的距离很短，请控制好列车，避免超速。
/E696D5054EAE8E13A5FF4BBA1DA003F2,There’s a short distance between here and the next stop so be sure to manage the train and prevent overspeeding.,从这里到下一站的距离很短，请控制好列车，避免超速。
/6C1EE44F45EC6B4BE67A53B904541EFA,There’s a short distance between here and your next stop so be sure to manage the train and prevent overspeeding.,从这里到下一站的距离很短，请控制好列车，避免超速。
/CF414EAC4D64A558E9307EA359D77346,There’s a short distance between here and your next stop so be sure to manage the train and prevent overspeeding.,从这里到下一站的距离很短，请控制好列车，避免超速。
/FD6726084392C7B3C738C593A195C714,There’s a short distance between here and your next stop so be sure to manage the train and prevent overspeeding.,从这里到下一站的距离很短，请控制好列车，避免超速。
/AC1FE00F489C855416EDD4BB282D88A4,Thick,粗
/9B30C7FB4248DC00DFCBE29AF832144C,Thin,细
/0047BFB742214B788C4BEBA0CBE7A651,This is Lohr Bahnhof on the Main-Spessart Bahn. Follow the markers through the subway to catch the train.,这里是美因—施佩萨尔特铁路上的洛尔火车站。跟着标识穿过地道登上列车。
/0AE3DE7C42C72083E4D77D8A8B496804,This is Lohr Bahnhof on the Main-Spessart Bahn. Follow the markers through the subway to catch the train.,这里是美因—施佩萨尔特铁路上的洛尔火车站。跟着标识穿过地道登上列车。
/B3A656704AEA99C9EDE76FBF6B29467F,This is Lohr Bahnhof on the Main-Spessart Bahn. Follow the markers through the subway to catch the train.,这里是美因—施佩萨尔特铁路上的洛尔火车站。跟着标识穿过地道登上列车。
/33A4DDC6427210D3DE2BD9AAEED4B022,This locomotive draws power from the overhead electrical supply via a contact arm mounted on the roof. For this to work we’ll need to set up and then raise the Pantograph.,此机车通过车顶安装的集电弓，由架空电源供电。为此，我们必须设置和升起集电弓。
/77C0777D4C5590928BD1219B7E5177DB,This locomotive draws power from the overhead electrical supply via a contact arm mounted on the roof. For this to work we’ll need to set up and then raise the Pantograph.,此机车通过车顶安装的集电弓，由架空电源供电。为此，我们必须设置和升起集电弓。
/9D22373D47210C8A85BA4CB28175BF6B,This locomotive draws power from the overhead electrical supply via a contact arm mounted on the roof. For this to work we’ll need to set up and then raise the Pantograph.,此机车通过车顶安装的集电弓，由架空电源供电。为此，我们必须设置和升起集电弓。
/B43525C743DC543C15951AAAC41965E6,This locomotive draws power from the overhead electrical supply via a contact arm mounted on the roof. For this to work we’ll need to set up and then raise the Pantograph.,此机车通过车顶安装的集电弓，由架空电源供电。为此，我们必须设置和升起集电弓。
/BA1933204C6DA6EAA955BC82161A2378,This locomotive draws power from the overhead electrical supply via a contact arm mounted on the roof. For this to work we’ll need to set up and then raise the Pantograph.,此机车通过车顶安装的集电弓，由架空电源供电。为此，我们必须设置和升起集电弓。
/FB7FA3884D95A44EF2BF5F9EF259875F,This locomotive draws power from the overhead electrical supply via a contact arm mounted on the roof. For this to work we’ll need to set up and then raise the Pantograph.,此机车通过车顶安装的集电弓，由架空电源供电。为此，我们必须设置和升起集电弓。
/01A4101E4C09827E86ABF38C4150AF92,"To bring this freight train to a safe stop, only a small amount of braking force is required. Practice and experience will teach you how much force you’ll need.",若要安全停下此货运机车，只需少量制动力。你会从练习和经验中学到需要施加多少制动力。
/2C96725248762F68D85E6A9C21AC57F7,"To bring this freight train to a safe stop, only a small amount of braking force is required. Practice and experience will teach you how much force you’ll need.",若要安全停下此货运机车，只需少量制动力。你会从练习和经验中学到需要施加多少制动力。
/671851B7441EBB9E68E66B96D381EF14,"To bring this freight train to a safe stop, only a small amount of braking force is required. Practice and experience will teach you how much force you’ll need.",若要安全停下此货运机车，只需少量制动力。你会从练习和经验中学到需要施加多少制动力。
/0472089447E7D28BE7224EB6B34C1F5D,"To climb aboard, first open the cab door then use the steps",若要登车，首先打开驾驶室门，然后使用阶梯
/0B37F0294DE56DECB09FDDA73A75D71E,"To climb aboard, first open the cab door then use the steps",若要登车，首先打开驾驶室门，然后使用阶梯
/29F94E614200ACA265A0D5BA3AC0B321,"To climb aboard, first open the cab door then use the steps",若要登车，首先打开驾驶室门，然后使用阶梯
/3DB604054DF274A220D2C0B924257F73,"To climb aboard, first open the cab door then use the steps",若要登车，首先打开驾驶室门，然后使用阶梯
/4B42AAD04F0CEADEBC3C5DB81A1C3FE7,"To climb aboard, first open the cab door then use the steps",若要登车，首先打开驾驶室门，然后使用阶梯
/6F62AC11446424410616A48B7AABA0AE,"To climb aboard, first open the cab door then use the steps",若要登车，首先打开驾驶室门，然后使用阶梯
/AD5EEA1D47A2E7F7EE5C42BE20D12B3E,"To climb aboard, first open the cab door then use the steps",若要登车，首先打开驾驶室门，然后使用阶梯
/DBD4B41849C9EBE292690FA83BF7DF13,"To climb aboard, first open the cab door then use the steps",若要登车，首先打开驾驶室门，然后使用阶梯
/FBE24E814F4BB03E2A7D0E87654F0B7A,"To climb aboard, first open the cab door then use the steps",若要登车，首先打开驾驶室门，然后使用阶梯
/29F55F6C4665486FED4032BD4CCAFF89,"To get the locomotive up and running, set the Master Switch.",要让机车启动运行，设置主开关。
/4267CFEB49B07566238F74BD6CB6F974,"To get the locomotive up and running, set the Master Switch.",要让机车启动运行，设置主开关。
/50CD47AE438A5F3B52A7A08B1F2351BA,"To get the locomotive up and running, set the Master Switch.",要让机车启动运行，设置主开关。
/9F0163A3419F30BB13042896E53E4225,"To get the locomotive up and running, set the Master Switch.",要让机车启动运行，设置主开关。
/CB1063BC46DB36000D8096A0384A0DFA,"To get the locomotive up and running, set the Master Switch.",要让机车启动运行，设置主开关。
/E3052A554F6146A295AC25B4CCAB131D,"To get the locomotive up and running, set the Master Switch.",要让机车启动运行，设置主开关。
/942CF00F4957B5FF32CD8E847B681584,"To get the train up and running, set the Reverser.",要让机车启动运行，设置反向器。
/A426C35F44B5D4AC7474D7AFDD4BB17E,"To get the train up and running, set the Reverser.",要让机车启动运行，设置反向器。
/F6D435034B2EAEEE45A209A57EF09EF9,"To get the train up and running, set the Reverser.",要让机车启动运行，设置反向器。
/5D9E2E2248EDE86465CB489939EB913B,TrackSpeedLimit,轨道限速
/1E906A0F40998D320F9D979337FC6CF5,Train Sim World allows you to ride and drive trains from a selection of internal and external camera angles. Let's take a look now by exploring the exterior of this train. ,在《模拟火车世界》，你可以通过多种内部和外部视角驾驶和乘坐列车。现在，让我们用外部视角看看列车吧。
/364AA53946DF9DF78959339FAB40D564,Train Sim World allows you to ride and drive trains from a selection of internal and external camera angles. Let's take a look now by exploring the exterior of this train. ,在《模拟火车世界》，你可以通过多种内部和外部视角驾驶和乘坐列车。现在，让我们用外部视角看看列车吧。
/4D22D9B5462F5E80693DEB9A26D3237E,Train Sim World allows you to ride and drive trains from a selection of internal and external camera angles. Let's take a look now by exploring the exterior of this train. ,在《模拟火车世界》，你可以通过多种内部和外部视角驾驶和乘坐列车。现在，让我们用外部视角看看列车吧。
/787526314CF5499559E29997D4AA8D89,Train ready to depart,列车准备出发
/88A897344D5B7491049578A7B98BE82E,Train ready to depart,列车准备出发
/9371C1F14F016CB47EB2588D59972371,Train ready to depart,列车准备出发
/B21502054274DBF5D994ED84C80A6985,Train ready to depart,列车准备出发
/BB40C7E94EF6E9889D12509D1DAD5D4A,Train ready to depart,列车准备出发
/D59467D746BE9E14286E19A59D184311,Train ready to depart,列车准备出发
/2D72F7A0412D3999561F9DB5D39C5093,Train secure,列车停稳
/7AAD41C047A9CFF324918BA4AFB05A7E,Train secure,列车停稳
/C769730D49BC72CA8D7193B0BE42BC61,Train secure,列车停稳
/D5284C1643491AE9A718B4841AAA14E1,Train secure,列车停稳
/F3BE440A44A44380321CF79FC9D48655,Train secure,列车停稳
/F88A6E8240D4752AB0CA11A44B8FCD10,Train secure,列车停稳
/8E0C943D4631153FE381C9A58EB63A82,Triangle,三角形
/D0D2943140835040E5214AB9C99FD915,Turn the Battery Main Switch to ON,打开电池主开关
/34A4A4E3496BFDFFE0EE2CAF57211976,Turntable,转盘
/A778D8B34AB08C5CD7A87B9CC28B2E5D,Turntable,转盘
/05DEDBE04DF67DFC85729B862E81D3D1,Uncouple the banking locomotive from the rear.,从列车车尾断开补机。
/3BAAB9CD459F081ABFB125A4C6A56FE5,Uncouple the banking locomotive from the rear.,从列车车尾断开补机。
/3D2F961F4F15FCBDA50417AC953C23DC,Uncouple the banking locomotive from the rear.,从列车车尾断开补机。
/45CC2915464FF281955863B50C4985EB,Uncouple the banking locomotive from the rear.,从列车车尾断开补机。
/49B0879C42E2BA4F0F5D619C960C97FC,Uncouple the banking locomotive from the rear.,从列车车尾断开补机。
/5660C18C4BC4E1FC9DA81C8B30F682D7,Uncouple the banking locomotive from the rear.,从列车车尾断开补机。
/5F67A17E47540CC8E0A0C696C1977160,Uncouple the banking locomotive from the rear.,从列车车尾断开补机。
/6452D8884C6F0DD81194C199A7EE9E2F,Uncouple the banking locomotive from the rear.,从列车车尾断开补机。
/659AC5FA478D3370D4A5EEAD0AAEA67E,Uncouple the banking locomotive from the rear.,从列车车尾断开补机。
/7AA207914F9D4EDB487A9FACDFDAD15A,Uncouple the banking locomotive from the rear.,从列车车尾断开补机。
/8F9DC1E649C5B1E340D3E6B3CC58B228,Uncouple the banking locomotive from the rear.,从列车车尾断开补机。
/9AFB65EC496E14BD088565A39191BCEB,Uncouple the banking locomotive from the rear.,从列车车尾断开补机。
/A7B670394FC6ADEEC2A0218953B9A5DB,Uncouple the banking locomotive from the rear.,从列车车尾断开补机。
/AA371D17404C348E946202BCEB6397AC,Uncouple the banking locomotive from the rear.,从列车车尾断开补机。
/B1F37F4E46ECC0F46B931C89F5879D34,Uncouple the banking locomotive from the rear.,从列车车尾断开补机。
/BDD4A272477F2EE63C1182B751FDFBD0,Uncouple the banking locomotive from the rear.,从列车车尾断开补机。
/BE67A66F49190C3A17A5A297613A020E,Uncouple the banking locomotive from the rear.,从列车车尾断开补机。
/DDC7A4644908F894F23696A4CB941AA1,Uncouple the banking locomotive from the rear.,从列车车尾断开补机。
/E7CBA4024A166DB9935AC8BE6DB3CBD2,Uncouple the banking locomotive from the rear.,从列车车尾断开补机。
/F1953D8143CA33805CE258B7AB237463,Uncouple the banking locomotive from the rear.,从列车车尾断开补机。
/FA6F135C4691A3F255265C8ABDFC1F9C,Uncouple the banking locomotive from the rear.,从列车车尾断开补机。
/D796E49B49881E0E7D42CAAE60822D4A,Unlock the Right Side Passenger Doors,解锁右侧乘客车门
/1427703A432561EF5AE531B7BEEC59A6,Unlocked,已解锁
/28BB9AF64F460D1F72EA23A87BB688E8,"Use W, A, S and D buttons to walk around",使用 W、A、S 和 D 键四处走动
/B05F1A2F4C3E02BEC66499847C17799D,"Use W, A, S and D buttons to walk around",使用 W、A、S 和 D 键四处走动
/FBE42E9C4F92152D0F453F804E101CAB,"Use W, A, S and D buttons to walk around",使用 W、A、S 和 D 键四处走动
/5850C3314567AEA1A10858A0A7B4AC5C,Use a combination of left and right sticks to fly the camera around,使用左摇杆和右摇杆移动摄影机
/DEABB2A0428257B6AF4EDFB0C5BACE97,Use a combination of left and right sticks to fly the camera around,使用左操作杆和右操作杆移动摄影机
/7D836055443B065EA8AE6C9EA878463B,Use keyboard numbers 1-8 to select from a range of different camera views,使用键盘号码 1-8 选择不同的摄像机视角
/B4199A29440F7AFE2EB8E8A0A2188C63,Use keyboard numbers 1-8 to select from a range of different camera views,使用键盘号码 1-8 选择不同的摄像机视角
/1C4CBFF242EB2DFF09BE18A4AD70F239,Use the Left Stick to walk around,使用左操作杆四处走动
/3ADCADD0469D78010A884E899F12D53E,Use the Left Stick to walk around,使用左操作杆四处走动
/477979A14242AFFE7A4EB3BB1D14B28A,Use the Left Stick to walk around,使用左操作杆四处走动
/4799EFB94E5511791348318C0949743B,Use the Left Stick to walk around,使用左摇杆四处走动
/C8D8625046EAA29F897A7C83AA0C41E6,Use the Left Stick to walk around,使用左摇杆四处走动
/FA1FD6D6407C5C3AD81FC7B3EE9BFDEF,Use the Left Stick to walk around,使用左摇杆四处走动
/02DB45A24031CD6634193380454EC119,Use the Master Switch to determine the direction of travel. ,用总开关来控制行驶方向
/41277C714853C351599674907BF77823,Use the Master Switch to determine the direction of travel. ,用总开关来控制行驶方向
/5C100ECD4F9E5B0E659132BA05E3451D,Use the Master Switch to determine the direction of travel. ,用总开关来控制行驶方向
/7DD49F2F467B5A551CAABC81069C216A,Use the Master Switch to determine the direction of travel. ,用总开关来控制行驶方向
/E60D19264DAC14BA6E3A7A89EA1DADC3,Use the Master Switch to determine the direction of travel. ,用总开关来控制行驶方向
/EEBC4B85497C6FB4D8AC669B8A92FF51,Use the Master Switch to determine the direction of travel. ,用总开关来控制行驶方向
/27CE2E494D99C477D92E41A1D6C4068F,Use the Right Stick to look around,使用右操作杆四处看看
/583B229A4B66A7A2D5F88DBE7CFCB616,Use the Right Stick to look around,使用右操作杆四处看看
/59C318B146901EB14DCFE1AC77D4247D,Use the Right Stick to look around,使用右操作杆四处看看
/7A4A9CEC4738245D08D2538D71B3F416,Use the Right Stick to look around,使用右操作杆四处看看
/9411EAE24B2835B766AC1C93CD2B30CE,Use the Right Stick to look around,使用右操作杆四处看看
/B6223F784F6EE3FA58CC5492C300CCDB,Use the Right Stick to look around,使用右操作杆四处看看
/DD52FDEE4D09B37A69FAE28D937331BD,Use the Throttle and Train Brake to manage your speed,使用节流阀和列车制动来控制速度
/8076C2BF4759BDA48E923D9B59E103AF,Use the Throttle to apply more power and reach a higher speed,用节流阀增加动力，提高速度
/93F2A8D643CC2052D8DD2BAC8856A901,Use the Throttle to apply more power and reach a higher speed,用节流阀增加动力，提高速度
/BA2FE56A4DD718B783A404A1F94F3977,Use the Throttle to apply more power and reach a higher speed,用节流阀增加动力，提高速度
/1BFE1AF541943F1A0B5663B41F6728E5,Use the left stick to walk around,使用左操作杆四处走动
/1DD9BC70462CE744F639CDA96209FCE3,Use the left stick to walk around,使用左操作杆四处走动
/85A646124B94FA64491B0BA748897DA1,Use the left stick to walk around,使用左操作杆四处走动
/1DCE0329461F819B28F06FB23A723A8E,Use the right stick to look around,使用右操作杆四处看看
/A2CE01AE4AB66FC5545510BDE51452D0,Use the right stick to look around,使用右操作杆四处看看
/B44AE03C489B4A78D6833FAE8EFC27BC,Use the right stick to look around,使用右操作杆四处看看
/D4B5A68345EE07FACD3E2584CBDBDE30,Use two DB BR 204's to form a multiple unit and deliver this heavy mixed freight consist to Aschaffenburg Rail Yard,将两辆BR204机车重联，然后将此重载混编货运编组运送至阿沙芬堡
/7B62CA6C41D90E36EECFE38A4319096F,Used an External Camera!,已使用外部视角！
/7D9CE68F424BBD9CDEE68C9A06B50100,Used an Internal Camera!,已使用内部视角！
/B0D3B2A14A129A791BBA9BB8AA6391BB,Used an Internal Camera!,已使用内部视角！
/41209A6D4A22F4410306E8B7FD5BAB1A,"Using the Train Brake, aim to stop in the green section of the marker ahead",使用列车制动，尽量停在前方绿色区域。
/DA5A60124863D85D6130E1AD955551A9,WAIT,等待
/2A116FB94D2B56B776B28BBA277CD022,WALK AROUND,四处走走
/588B4DC1463CBFFC24276B865413807B,WALK AROUND,四处走走
/990D813C4EA37F4B15E4C7A67B9E415E,WALK AROUND,四处走走
/DDEA532349D4158E410205A6FE037CCA,WELCOME TO MAIN-SPESSART BAHN,欢迎来到美因—施佩萨尔特铁路
/77F343C044976E68217020A938A30BF3,Wait for the Brake System to charge...,等待制动系统加压...
/D37A2B9641C768A0F79E82A285578FA7,Wait for the Brake System to charge...,等待制动系统充气……
/F7ACE9B948E7A8D511D55D86C4C7AEE4,Wait for the Brake System to charge...,等待制动系统充气……
/1A1346B94A33823BA0A0C8886329E16A,Wait for the Brakes system to charge,等待制动系统充气
/0C420E27457196B25E3043A76E9A50E5,Wait for the train to arrive and the doors to open,等待列车到达，车门打开
/CED46EEA4D914E2E1A5E7F8FFA029416,WaitForTrainToReachPointA,WaitForTrainToReachPointA
/91A0045E4F0A9E067AC759B002102D2D,Watching the action,观看车辆运行
/28B753BD4A487B1C9C7652A9861CEEC7,We are on final approach to Gemunden and will soon need to start applying a small amount of brake force to perform a comfortable stop.,我们马上就要到达终点站格明登了，你需要施加少量制动力，确保停车过程流畅。
/E3534D444A36BFAA478BABB57D081F4F,We are on final approach to Gemunden and will soon need to start applying a small amount of brake force to perform a comfortable stop.,我们马上就要到达终点站格明登了，你需要施加少量制动力，确保停车过程流畅。
/2BC1793A4CE7934A6CB077A67CE07C0B,We are on final approach to Gemünden and will soon need to start applying a small amount of brake force to achieve a comfortable stop.,我们马上就要到达终点站格明登了，你需要施加少量制动力，确保停车过程流畅。
/8E48DC2044A0ED8AB40A46B200ECFF3E,We are on final approach to Gemünden and will soon need to start applying a small amount of brake force to achieve a comfortable stop.,我们马上就要到达终点站格明登了，你需要施加少量制动力，确保停车过程流畅。
/F4D137614E57FC623B6245B13CCD8BF5,We are on final approach to Gemünden and will soon need to start applying a small amount of brake force to achieve a comfortable stop.,我们马上就要到达终点站格明登了，你需要施加少量制动力，确保停车过程流畅。
/3810C55143B035F042D3309C79633276,We are on final approach to Gemünden and will soon need to start applying a small amount of brake force to perform a comfortable stop.,我们马上就要到达终点站格明登了，你需要施加少量制动力，确保停车过程流畅。
/0DD2DD3241CFF7330B5D888215A7D710,"We now need to wait a moment and let the brake system charge, it'll take a minute or two.",我们现在必须稍等，让制动系统充气，这需要一到两分钟。
/7C3711614AD11987FFB33C8D4E5D094E,"We now need to wait a moment and let the brake system charge, it'll take a minute or two.",我们现在必须稍等，让制动系统充气，这需要一到两分钟。
/94A66597469E587233130EBB6B2412A7,"We now need to wait a moment and let the brake system charge, it'll take a minute or two.",我们现在必须稍等，让制动系统充气，这需要一到两分钟。
/997D971247A85F2FA09DF9821451DA6D,"We now need to wait a moment and let the brake system charge, it'll take a minute or two.",我们现在必须稍等，让制动系统充气，这需要一到两分钟。
/9C2985214A3C6858A6E9D7A6C7F7FBFB,"We now need to wait a moment and let the brake system charge, it'll take a minute or two.",我们现在必须稍等，让制动系统充气，这需要一到两分钟。
/C4A8C0A84C320608A113988F2FF0A5E1,"We now need to wait a moment and let the brake system charge, it'll take a minute or two.",我们现在必须稍等，让制动系统充气，这需要一到两分钟。
/10E8513A4CA4CF157CC24894C6645967,"Welcome to Aschaffenburg. Due to engineering works near Heigenbrücken, passenger services are only running as far as Laufach.",欢迎来到阿沙芬堡。由于海根布吕肯附近有施工，客运列车最远只可行至劳法。
/671468EC4EEBAE399A16F8B82DBAD68A,"Welcome to Bavaria, and one of the busiest freight railways in Germany. ",欢迎来到巴伐利亚，德国最繁忙的货运线之一。
/E251BEE748E6F175B7B4B3AEAA5B887D,"Welcome to Bavaria, and one of the busiest freight railways in Germany. ",欢迎来到巴伐利亚，德国最繁忙的货运线之一。
/E8DCD1AF48C25F95A07184855884C41E,"Welcome to Bavaria, and one of the busiest freight railways in Germany. ",欢迎来到巴伐利亚，德国最繁忙的货运线之一。
/DF5FB28041A73F91A5DB398ABB6BC77A,"Welcome to Gemünden. This service is running fast to Aschaffenburg, with stops at Lohr Bahnhof and Heigenbrücken.",欢迎来到格明登。这是去阿沙芬堡的快车，经停洛尔火车站和海根布吕肯。
/9C0B60FB44A7D30D867F88AF670661CD,Welcome to Gemünden. Two refurbished Doppelstock sets need delivering to Aschaffenburg. Head over to the train to get started.,欢迎来到格明登。两辆重新装修的双层列车组需要被拉到阿沙芬堡。前往列车，开始驾驶。
/269E80E746B46882900E628A82448A71,"Welcome to Heigenbrücken. After a short layover, it's time to continue this train through to Aschaffenburg.",欢迎来到海根布吕肯。在短暂的乘客转乘后，请继续驾驶列车至阿沙芬堡。
/72FAF5FB42AA620EB7FE73876D61FAB1,Welcome to Laufach. A large aviation fuel train is inbound with a banker locomotive due to attach to the rear.,欢迎来到劳法。一辆装载航天燃料的重型列车正在进站，进站后将辅助机车挂到车尾。
/00E40CAF4DA86F88035F6EA3038126AB,Welcome to Main-Spessart Bahn.,欢迎来到美因—施佩萨尔特铁路
/985F9835479B441923D07490DCD45327,Welcome to Main-Spessart Bahn.,欢迎来到美因—施佩萨尔特铁路
/B308084041D034165E884D91607D2A27,Welcome to Main-Spessart Bahn.,欢迎来到美因—施佩萨尔特铁路
/26F871164776CE60E1815A984912D056,"Welcome to this BR 146.2 Electric locomotive in DB Traffic Red livery. During this brief introduction we will go through the start-up, stopping and passenger door operations. ",欢迎来到这辆具有德铁经典红色涂装的 146.2 型电动机车。在这简短的介绍中，我们将学习如何启动、停止机车和操控乘客车门。
/7CD26C4444F55A726B0A149DEBA38B28,"Welcome to this BR 146.2 Electric locomotive in DB Traffic Red livery. During this brief introduction we will go through the start-up, stopping and passenger door operations. ",欢迎来到这辆具有德铁经典红色涂装的 146.2 型电动机车。在这简短的介绍中，我们将学习如何启动、停止机车和操控乘客车门。
/F8B26AA24197A90828E817A5F6E55828,"Welcome to this BR 146.2 Electric locomotive in DB Traffic Red livery. During this brief introduction we will go through the start-up, stopping and passenger door operations. ",欢迎来到这辆具有德铁经典红色涂装的 146.2 型电动机车。在这简短的介绍中，我们将学习如何启动、停止机车和操控乘客车门。
/1843705447697FBABAEDD181F28638E0,Welcome to this BR 185.2 Electric locomotive in DB Railion livery. During this brief introduction we will go through the start-up and stop procedures. ,欢迎来到这辆具有德铁“雷力昂”涂装的 185.2 型电动机车。在这简短的介绍中，我们将学习如何启动和停止机车。
/CDD96D604C77DC6E17C1E395B3FE4C55,Welcome to this BR 185.2 Electric locomotive in DB Railion livery. During this brief introduction we will go through the start-up and stop procedures. ,欢迎来到这辆具有德铁“雷力昂”涂装的 185.2 型电动机车。在这简短的介绍中，我们将学习如何启动和停止机车。
/EFB2A7A740335731B796CA89D047B78F,Welcome to this BR 185.2 Electric locomotive in DB Railion livery. During this brief introduction we will go through the start-up and stop procedures. ,欢迎来到这辆具有德铁“雷力昂”涂装的 185.2 型电动机车。在这简短的介绍中，我们将学习如何启动和停止机车。
/07FD6B914367257FF3BE90B4600185E1,"Welcome to this DBpbzfa control car in DB Traffic Red livery. During this brief introduction we will go through the start-up, stopping and passenger door operations. ",欢迎来到这辆具有DB经典红色涂装的DBpbzfa控制车。在这简短的介绍中，我们将学习如何启动、停止机车和操控乘客车门。
/62FA4D2F439EFFEA796DF8A164CD80E5,"Welcome to this DBpbzfa control car in DB Traffic Red livery. During this brief introduction we will go through the start-up, stopping and passenger door operations. ",欢迎来到这辆具有DB经典红色涂装的DBpbzfa控制车。在这简短的介绍中，我们将学习如何启动、停止机车和操控乘客车门。
/EAFBDCFF408D4B64F78C56B75E66644E,"Welcome to this DBpbzfa control car in DB Traffic Red livery. During this brief introduction we will go through the start-up, stopping and passenger door operations. ",欢迎来到这辆具有DB经典红色涂装的DBpbzfa控制车。在这简短的介绍中，我们将学习如何启动、停止机车和操控乘客车门。
/14EEB80944B86659025D5B9D2D22C8F3,Westbound Aschaffenburg Local,阿沙芬堡当地运输服务西行
/FA56478E48CDB31B23B1DD8A97F48840,Westbound Freight 1,西行货运 1
/567549224392DAA514EAD38BCC303BB3,Westbound Freight 2,西行货运 2
/282BE68F40F1A65731D9858CA449B42B,Westbound Gemunden Local,格明登当地运输服务西行
/CC2590194B243DB62901F29EF78FE417,Westbound Passenger 1,西行客运 1
/20F152194E393B1822EA6D847FDFE6DC,Westbound Passenger 2,西行客运 2
/93527F974B2645E3DF05E5A196EE22D3,Westbound Passenger 3,西行客运 3
/7CFA5A6844202ECE7502CFB97DAB4F7C,"When in an external camera view, Press 'Y' to switch between camera/driving controls",在外部视角下，按下 Y 键切换摄像机/驾驶控制
/942E95474C2D72E904CA4C84945D8DF6,"When in an external camera view, Press 'Y' to switch between camera/driving controls",在外部视角下，按下 Y 键切换摄像机/驾驶控制
/AAF4A5B649DA499F1724409F89E66EFE,"When in an external camera view, Press the triangle button to switch between camera/driving controls",在外部视角下，按三角键在摄像机/驾驶控制之间切换
/DFAFB1A0422F97E317E6E59098F51791,"When in an external camera view, Press the triangle button to switch between camera/driving controls",在外部视角下，按三角键在摄像机/驾驶控制之间切换
/3168AAEA4D7542F0C66E64845C61EDA8,"When in an external camera view, use the arrow keys and mouse to look around",在外部视角下，使用方向键和鼠标环顾四周
/7CB085C944F32B22AB3BCD9C832DE8D9,"When in an external camera view, use the arrow keys and mouse to look around",在外部视角下，使用方向键和鼠标环顾四周
/0E8B3B4F421C95AF27A504A20907FBC8,"When stopped for longer periods of time or when leaving the cab, a Parking Brake is engaged. We’ll need to ensure this is released in order to get moving.",停车时间较长，或离开驾驶室时，需使用驻车制动。我们必须确保解除制动才能启动。
/2B4DE34F425C14866EB9FC9C9792F12C,"When stopped for longer periods of time or when leaving the cab, a Parking Brake is engaged. We’ll need to ensure this is released in order to get moving.",停车时间较长，或离开驾驶室时，需使用驻车制动。我们必须确保解除制动才能启动。
/6552A3C4486560EF358A5F8C204A585D,"When stopped for longer periods of time or when leaving the cab, a Parking Brake is engaged. We’ll need to ensure this is released in order to get moving.",停车时间较长，或离开驾驶室时，需使用驻车制动。我们必须确保解除制动才能启动。
/99B244264B66F7554EFE64A55506F729,"When stopped for longer periods of time or when leaving the cab, a Parking Brake is engaged. We’ll need to ensure this is released in order to get moving.",停车时间较长，或离开驾驶室时，需使用驻车制动。我们必须确保解除制动才能启动。
/BD8E365843F2BBECF3F310BC94C4D5FB,"When stopped for longer periods of time or when leaving the cab, a Parking Brake is engaged. We’ll need to ensure this is released in order to get moving.",停车时间较长，或离开驾驶室时，需使用驻车制动。我们必须确保解除制动才能启动。
/DCE4A7AC48825B582FECDC8552FAC372,"When stopped for longer periods of time or when leaving the cab, a Parking Brake is engaged. We’ll need to ensure this is released in order to get moving.",停车时间较长，或离开驾驶室时，需使用驻车制动。我们必须确保解除制动才能启动。
/B39E8CA245C60762D63691AAAC26FABC,White,白灯
/0D8E7EE646E1A84F8165C1BFB8ADBC8E,Wiesthal,维斯塔尔
/C60704FC4F900431C242999F9CF094D4,Wiesthal,维斯塔尔
/66CEC5D0466D7357147ADAAB49062BB7,Wiesthal Platform 1,维斯塔尔 1 站台
/1BD4FEA74464ABF1B54487BDC16EFCEE,Wiesthal Platform 2,维斯塔尔 2 站台
/5B5664CA4FC16E977BC3EE83394E1C73,Wiesthal Platform 3,维斯塔尔 3 站台
/1B5BC194438C64C8E42E7AAD2E63F692,Wombach Industrial Estate,万巴赫工业区
/450BA80145A898061646C097BC1DE8D9,Yellow,黄灯
/5C48BE7D4CE222391FC57AAFCB3AC08A,You applied all the Route Maps!,你已添加了所有的线路地图！
/044412FC49FCBB64829F959F8E457882,"You are currently riding in a double deck coach being hauled by a BR146.2 Electric Locomotive. Double deck coaches have been operating in Germany since the 1970s, to boost capacity.",你当前正在驾驶一节双层车厢，该车厢由一辆 146.2 型电力机车牵引。从上世纪 70 年代起，德国就为了增加运输量，而开始使用双层车厢。
/4A5C55BD4C6F05CD6DE572B2413A945E,"You are currently riding in a double deck coach being hauled by a BR146.2 Electric Locomotive. Double deck coaches have been operating in Germany since the 1970s, to boost capacity.",你当前正在驾驶一节双层车厢，该车厢由一辆 146.2 型电力机车牵引。从上世纪 70 年代起，德国就为了增加运输量，而开始使用双层车厢。
/7EF3537D44F061A8A01BC49B18B1C4A5,"You are currently riding in a double deck coach being hauled by a BR146.2 Electric Locomotive. Double deck coaches have been operating in Germany since the 1970s, to boost capacity.",你当前正在驾驶一节双层车厢，该车厢由一辆 146.2 型电力机车牵引。从上世纪 70 年代起，德国就为了增加运输量，而开始使用双层车厢。
/69BAAA194A64F23BA3BB069B0C5F0395,You can also press 'Q' to reset the AWS alarm,你还可以按下“Q”重置 AWS 警报
/9F7853934944E4991A59EABF59074BED,You can also press 'Q' to reset the AWS alarm,你还可以按下“Q”重置 AWS 警报
/ED474A114BABFAF7E7C920BAF265B03E,You can also press 'Q' to reset the AWS alarm,你还可以按下“Q”重置 AWS 警报
/147F7DDC44AB1905C3DC7A8FC08D0602,You can also push the Left Stick up to increase the Master Switch,你还可以将左摇杆上推，上调主开关
/6495E2E24709BF6C0C01AD8FEABF9B19,You can also push the Left Stick up to increase the Master Switch,你还可以将左摇杆上推，上调主开关
/9476CA734C017CD32AD845A2DA808058,You can also push the Left Stick up to increase the Master Switch,你还可以将左操作杆上推，上调主开关
/ADFBB93C4C0638F6324B90A7CCB298EA,You can also push the Left Stick up to increase the Master Switch,你还可以将左操作杆上推，上调主开关
/7FB5B36C406CAF3ED25F69B095311CB3,You can also push the Left Stick up to increase the Reverser,你还可以将左操作杆上推，上调反向器
/E8EDB91C454EF898DB0E1C8774BB4A12,You can also push the Left Stick up to increase the Reverser,你还可以将左摇杆上推，上调反向器
/3C9B3A14412515FC94A7FC94B4F6A041,You can also push the left stick up to increase the Master Switch,你还可以上推左操作杆来上调主开关
/AB03A01B42460BF83B5ABAB33BB88789,You can also push the left stick up to increase the Master Switch,你还可以上推左操作杆来上调主开关
/3B7791B54D92FD3A3351BDBA84D4D841,You can also push the left stick up to increase the Reverser,你还可以将左操作杆上推，上调反向器
/0AB6E64D4CE73D49D5BE79AC8DFEAA86,You can also use 'B' to reset the AWS alarm,你也可以按 B 按钮重置 AWS 警告
/C078CE7141E3E64D96B6A993045E26A1,You can also use 'B' to reset the AWS alarm,你也可以按 B 按钮重置 AWS 警告
/F7D425894ED4E2036F38D8B4B73CAD27,You can also use 'B' to reset the AWS alarm,你也可以按 B 按钮重置 AWS 警告
/1EA391434FB2E7540A4030AE65EF0AF2,You can also use ; to decrease the Train Brake,你还可以使用“;”减小列车制动
/74F6AC9F4CEA774D2236AA80C2B9D889,You can also use ; to decrease the Train Brake,你还可以按下“，”减小列车制动
/AB72B5C542B4D9D02E2587BBBF3CA319,You can also use ; to decrease the Train Brake,你还可以按下“，”减小列车制动
/096B65B3406F879485C73E8DD7B04012,You can also use A to increase the Throttle,你还可以按“A”加速
/7AC11D9B467A7F214096DEBAFB4A60BA,You can also use A to increase the Throttle,你还可以按“A”加速
/8AB55B3747FF931CC8C4BC874DCD471D,You can also use A to increase the Throttle,你还可以按“A”加速
/844921BF4F74C863EA943E9C1A0C12A8,You can also use Circle button to reset the AWS alarm,你还可以使用圆圈键重置 AWS 警告
/850E922A4AA6F2074BE6B8ADE81B9AC1,You can also use Circle button to reset the AWS alarm,你还可以使用圆圈键重置 AWS 警告
/A66E290445E10C2B4B6531A10A00C424,You can also use Circle button to reset the AWS alarm,你还可以使用圆圈键重置 AWS 警告
/49FC31B64CA509898F68CCA75D63C2B8,You can also use Ctrl + W to set the Brake Key,你还可以按“Ctrl + W”来设置制动键
/8615082542C9462CD30A27AFD44F389D,You can also use Ctrl + W to set the Master Key,你也可以按下“Ctrl + W”设置主控钥匙
/B8EB48E94977D9A1E0A5BC9F36CA8206,You can also use Ctrl + W to set the Master Key,你也可以按下“Ctrl + W”设置主控钥匙
/35F58D294D9AE6953BB8039E84C9944B,You can also use D to decrease the Throttle,你还可以按下“D”减小加速
/7A2D70FC4ED89D2FFB6AD5AFB42DCCBF,You can also use D to decrease the Throttle,你还可以按下“D”减小加速
/86CAE1E244DB8454C7194C9F6558B25F,You can also use D to decrease the Throttle,你还可以按下“D”减小加速
/49AA96A24A6079FEB771809336AD415B,You can also use H to toggle the Headlights,你可以按下“H”切换前照灯
/549E7A764025521EE38085B196D25C2F,You can also use H to toggle the Headlights,你可以按下“H”切换前照灯
/B5BF058D4584D1ADBA7128B618414A49,You can also use H to toggle the Headlights,你可以按下“H”切换前照灯
/91B909114B05622034F9EFB41A3DA6D0,You can also use L1 button to decrease the Train Brake,你还可以使用L1键减小列车制动
/A531930046024AD7A41B60A31E956D32,You can also use L1 button to decrease the Train Brake,你还可以使用L1键减小列车制动
/B827241547FF206A54C5D6BFF13ABB17,You can also use L1 button to decrease the Train Brake,你还可以使用L1键减小列车制动
/16B7AD0B4AA9DBF855FBB09BB8F003D1,You can also use L2 button to increase the Train Brake,您还可以使用L2键增加列车制动
/9EC4AF274146EAD5C681698C4FB50F7F,You can also use L2 button to increase the Train Brake,您还可以使用L2键增加列车制动
/D5F700A34C4D80D48A43E3B2BDDD06FD,You can also use L2 button to increase the Train Brake,您还可以使用L2键增加列车制动
/24116F93426865C747C30F83D1C8B9A1,You can also use Left Bumper to decrease the Train Brake,你还可以使用左缓冲键减小列车制动
/60ADA57C432B6D2A94E5B4837A687484,You can also use Left Bumper to decrease the Train Brake,你还可以使用左缓冲键减小列车制动
/C40207E1486B1F3D7F2086AC88231D4D,You can also use Left Bumper to decrease the Train Brake,你还可以使用左缓冲键减小列车制动
/2AE72DA641BECBF70545A8AE3C3C37BD,You can also use Left Trigger to increase the Train Brake,你还可以使用左扳机键增加列车制动
/73DA48184FC03334D20CF4B80A4E2F5B,You can also use Left Trigger to increase the Train Brake,你还可以使用左扳机键增加列车制动
/BE9925644F634206A87171B4A6E5FF7B,You can also use Left Trigger to increase the Train Brake,你还可以使用左扳机键增加列车制动
/8418B6F841425B60619415984411382A,You can also use R1 button to decrease the Throttle,你还可以使用R1键减小节流阀
/979411FC4BD9A013902666BE124FF8B9,You can also use R1 button to decrease the Throttle,你还可以使用R1键减小节流阀
/F70E7B15444037BBD57D49A8762BF51F,You can also use R1 button to decrease the Throttle,你还可以使用R1键减小节流阀
/871B27AD40A634F2495C33B3445C2FC8,You can also use R2 button to increase the Throttle,你还可以使用R2键提高节流阀
/C9CE285F44B3E33AD0CD4682658BF7CE,You can also use R2 button to increase the Throttle,你还可以使用R2键提高节流阀
/D132B9704882DEF9421704BDD407EE7F,You can also use R2 button to increase the Throttle,你还可以使用R2键提高节流阀
/26852C23471EF281E61312A5FD7E7D96,You can also use Right Bumper to decrease the Throttle,你还可以使用右缓冲键减小列车加速
/9526587B4145B55503CB4AB35919C95F,You can also use Right Bumper to decrease the Throttle,你还可以使用右缓冲键减小列车加速
/F932FB2543FBA0EF3218C08EAF76AE1B,You can also use Right Bumper to decrease the Throttle,你还可以使用右缓冲键减小列车加速
/03A7DE2D450509AF894E3F9239143A7A,You can also use Right Trigger to increase the Throttle,你还可以按下右扳机键来加大节流阀
/1E4F8BB74220FC1714467E8426C6BF37,You can also use Right Trigger to increase the Throttle,你还可以按下右扳机键来加大节流阀
/BA60D06A4535EE1B4C8F82A4E83E3130,You can also use Right Trigger to increase the Throttle,你还可以按下右扳机键来加大节流阀
/1440C62940FF15C22F940985AE2FB742,You can also use W to increase the Master Switch,你还可以按“W”上调主开关
/336665D24FE4D3DB30328F8964782320,You can also use W to increase the Master Switch,你还可以按“W”上调主开关
/35B390A54AFFC6D7A9557C8DD1372C0A,You can also use W to increase the Reverser,你还可以按下“W”上调反向器
/342FB33D4720C2EEAFAAE99124D21DD8,You can also use Z to start the engine,你还可以按下“Z”启动引擎
/85A9207C42768A74E3DA86B168F8F36C,You can also use Z to start the engine,你还可以按下“Z”启动引擎
/D519F33D48DCC01E788A7E8C8C887926,You can also use Z to start the engine,你还可以按下“Z”启动引擎
/815BA1F742D5CE6ED3AE88A080C61682,You can also use circle button to reset the AWS alarm,你还可以使用圆圈键重置 AWS 警报
/C3046DB1444571D460016FADA2531E7C,You can also use circle button to reset the AWS alarm,你还可以使用圆圈键重置 AWS 警报
/E448A0264394E36080C1FDAAFB34609A,You can also use circle button to reset the AWS alarm,你还可以使用圆圈键重置 AWS 警报
/664B5BBA45D3F41C3A4363995A4734DC,You can also use the ' to increase the Train Brake,你还可以按下“'”增加列车制动
/BC98FC3B4B7FA6995707B094116270ED,You can also use the ' to increase the Train Brake,你还可以按下“‘”增加列车制动
/E3774B5A418551D4309A18AB1F60BAB0,You can also use the ' to increase the Train Brake,你还可以按下“‘”增加列车制动
/05B02F1D495C69C47B0CDFA0FB67C661,You can find the manual on the product page on the Steam store,你可在Steam商店的产品介绍中获取操作手册
/0D800CD4473E2AE8DB391ABEBD917B97,You can find the manual on the product page on the Steam store,你可在Steam商店的产品介绍中获取操作手册
/6D56688A42CEC337FE1CEBBCEFEB02DE,You can find the manual on the product page on the Steam store,你可在Steam商店的产品介绍中获取操作手册
/708538F846659C9D100A8E9A4EAAE8E3,You can find the manual on the product page on the Steam store,你可在Steam商店的产品介绍中获取操作手册
/7213086E4E28EBA344CAA0BC0B5DFED9,You can find the manual on the product page on the Steam store,你可在Steam商店的产品介绍中获取操作手册
/7E7F3AD944EFC8FBD341CA890D4AD30B,You can find the manual on the product page on the Steam store,你可在Steam商店的产品介绍中获取操作手册
/996ECCB8440154C2643476BE053C145D,You can find the manual on the product page on the Steam store,你可在Steam商店的产品介绍中获取操作手册
/E132C99A40539D6291B86CB8A6A90C13,You can find the manual on the product page on the Steam store,你可在Steam商店的产品介绍中获取操作手册
/F26404C745B7CFCAB5F718BFED5E7BF8,You can find the manual on the product page on the Steam store,你可在Steam商店的产品介绍中获取操作手册
/8A1061554C3E50634C1E18BAA353C383,You chopped up all the fallen logs!,你已清理了所有的圆木！
/065A20D14372C033749F658D3C76D40F,"You have only travelled a short distance here, so let's take a look at what else there is to enjoy.",你只行驶了一小段距离，所以看看还有什么其他好玩的吧。
/425D63A340A24669CDF8839B63384F22,"You have only travelled a short distance here, so let's take a look at what else there is to enjoy.",你只行驶了一小段距离，所以看看还有什么其他好玩的吧。
/4AF5C18B4D821A4C2B3342B392743C9E,"You have only travelled a short distance here, so let's take a look at what else there is to enjoy.",你只行驶了一小段距离，所以看看还有什么其他好玩的吧。
/24CBBACB4C8F8D8170F542ADD2A9DB81,You patched all holes in the fences!,你已修补了所有的破损栅栏！
/864C8AFE4B0C69942E38049648F450E5,You placed out all the Hazard Cones!,你已放置了所有的危险锥标！
/5FBB1789464837577810BCAF6A1F702C,"You will need to open the door, then climb up the steps",你需要打开车厢门，然后爬上台阶
/66E2D89545D276F48667809F573C3E4B,"You will need to open the door, then climb up the steps",你需要打开车厢门，然后爬上台阶
/9F40952542CE220F1AC630B1326FA1AE,"You will need to open the door, then climb up the steps",你需要打开车厢门，然后爬上台阶
/B66DA6484E74C9A530E202B9A5DA7A44,"You will need to open the door, then climb up the steps",你需要打开车厢门，然后爬上台阶
/C03085F14B397227FB13F6AB973E98BD,"You will need to open the door, then climb up the steps",你需要打开车厢门，然后爬上台阶
/C7CEC7B74ACF6CBEEB74B79F84974845,"You will need to open the door, then climb up the steps",你需要打开车厢门，然后爬上台阶
/D596C9644ADA2D2C1B5D1B80C6556C28,"You will need to open the door, then climb up the steps",你需要打开车厢门，然后爬上台阶
/D8C8B86242D682CFB7A7BAA468009153,"You will need to open the door, then climb up the steps",你需要打开车厢门，然后爬上台阶
/FD8150E34FBE4A860ACF7D9B33DE70E8,"You will need to open the door, then climb up the steps",你需要打开车厢门，然后爬上台阶
/64BA928B4E686C690C4076BF1F3E297D,Zacns Dock Delivery,扎克恩斯码头送货
/7D57781345EDF1496DC237B5FF2A2F5C,Zs 3 (Full Clearance),Zs 3（完全开放）
/83AB49DB4D80DC3080AA6D8F137F6A8C,Zs 3 (Limited Clearance),Zs 3（限速开放）
/F7CFF9484842C436C0009B81A2B5140C,Zs 3v (Full Clearance),Zs 3v（完全开放）
/99A7EEC746F424F894479F99B0B61FD2,Zs 3v (Limited Clearance),Zs 3v（限速开放）
/7484E0CF4A2DE9BAAEAD6894DF6D926A,Zs 7,Zs 7
/7134C66E4454BA25E9036AB05523AD24,and add safety cones to any dangers at the stations. ,并在车站的危险区放上危险锥标。
/B799886449CFAB90D44638B8AE647A2C,and add safety cones to any dangers at the stations. ,并在车站的危险区放上危险锥标。
/D6E5EFCF4A91FA78587482963910552B,and add safety cones to any dangers at the stations. ,并在车站的危险区放上危险锥标。
/5F719A5440C60C744B1102983A502020,"clear fallen logs, ",移开挡道的圆木
/6D3EF57E4897CAB5F64A06B4DBF1A1E0,"clear fallen logs, ",移开挡道的圆木
/769E94F94A4B12277F7CE49F9815B8DD,"clear fallen logs, ",移开挡道的圆木
/052BF56E4B561772B15DE39229760C58,"place route maps, ",添加线路地图
/1A9237824C7267EDC62C1D9B15FA5D58,"place route maps, ",添加线路地图
/5E4ABFDC4A50D67E0015DA9CF48BDBDC,"place route maps, ",添加线路地图
/F37B955D43B90E3C53B209B6D92806CB,the Auto Runner scenario,汽车运输场景
/6FDE73F44AE040B9590DC89B3D472197,the BR 146.2 Introduction tutorial,146.2 型机车入门教程
/2379F9134ADD2627BB1A7B8ED462C0C6,the BR 185.2 Introduction tutorial,185.2 型机车入门教程
/94EE33E24822741AB3750CAA461C9258,the DBpbzfa Introduction tutorial,DBpbzfa 入门教程
/B2DFBFC1408CD0682CB4348A4EAC49EE,the Doppelstock Delivery scenario,运输双层列车场景
/7EA40B054E46A6EAAF5FF8A01643143F,the Fuel Exchange scenario,燃料交换场景
/6B4F45B14682BB5053DC0CBDBAFC4B77,the Regional Express scenario,城乡快车场景
/63A2DAC24862F7165B72E88F65C4DA13,the Saturday Circuit scenario,星期六环行场景
/6B1FA5A34439D170CDEBA29FC2C63ED7,{Count} / {Num} Damaged Fences Patched,已修补 {Count} / {Num} 个破损栅栏
/4F6358D243FD76626B4F5EA79D440ECE,{Count} / {Num} Hazard Cones Placed,已添加 {Count} / {Num} 个危险锥标
/C8034BB44A4C4051C2361AB29744597E,{Count} / {Num} Route Maps Added,已添加 {Count} / {Num} 个路线地图
/59DEDF2044F41729304A7886AAE0B261,{Count} / {Num} Trees Cleared,已清除 {Count} / {Num} 个圆木
