key,source,target
/E7A01C2A49D5110AE8CFDC92B60CF2C0,101Expert,
/16B78CA74F32C97A2A18B699E7F330D6,555m,
/4717086C4163B9482B087D8426A3D522,"After 1990, the station was renovated and modernized. The concourse floor was removed and two basement levels were dug out to create a large shopping mall. The modified station building was inaugurated on 12 November 1997.",
/62984F5B42F226114F0CD78CA94A9035,Allersberg Pl 1,
/AC15851F4F560E87D67E78AEC821EDC9,Allersberg Pl 4,
/B622510B43254CBE27AD4FAD3EBAFB78,Allersberg Track 4,
/6C5CCC5D471E918294EA4E95D92816AC,Apply Power to get moving,
/B64BA28047BA9D5F0B7D7E9D23C6F59D,Apply a bit of power.,
/0BC081904298789D84F3A3A9DAC093E8,Apply brakes using the Train Brake,
/75969C7145034FF345B0BC978843E34A,Apply power to get moving,
/8EE4422242F20A36179180A9F7C93F2F,Apply power to get moving,
/89BBAF754C1B0E7A8A6EC2A7B213CD31,Apply some more power and reach a speed of 70 KM/H (43MPH),
/C74BAE424F761ECA6CB02D8BE82E80F1,Apply some power to get moving,
/F756D49640C83A2D0CDD58AAC107AC46,Apply some power to get moving,
/FBEE182246A26970AD84C89D3197B7DC,Apply the Train Brakes,
/1F10F4DC443ACD6D8751CEB6491730A6,"As you slow down, use the Train Brake to come to a complete stop and hold the train in position",
/83374D6C4E3B7B6ECFAED8BFB82A646A,"As you slow down, use the Train Brake to come to a complete stop and hold the train in position",
/BEC602FE4CEEF0334E6EA6978A2A6E58,"As you slow down, use the Train Brake to come to a complete stop and hold the train in position",
/E97C323D42A1CA12603645B671490AC7,BR 101 INTRODUCTION,
/25ECDCEF458C699E00A63285F637DCB1,BR 101 Introduction,
/65DB062F4E7EE1B2D26EB89E33BDCD3D,BR 403 INTRODUCTION,
/3F89666A470BC95AD11A4CBD16954629,BR 411 DB,
/6665456C4CFDC099710DCCA85E18EB9A,BR 411 DB,
/86480FD6404579A7FD2F3BBF18C1E626,BR 411 DB x1 [Loaded],
/3BFFCAA84D42523FC2C5C69C49DDC48C,BR 642 DB,
/80BC24C94F0302B289FBD6A893B84F7B,BR S286 INTRODUCTION,
/B9EE30D54F60B7F3E9DBE3AEF3EF39DC,BR S286 Introduction [Nürnberg - Ingolstadt],
/C27511884AC1AB4E51A20B9836503AC9,BR403 ICE3 Introduction [Nürnberg - Ingolstadt],
/E4388CB84364BBA18EF39BB9D2EEDE48,BRAKE FORCE,
/F7D8A2A545B186FF947DAA912818CDDF,BRAKE FORCE,
/E81CD334410ABB5B76C29AB52B2CE9D2,BRAKING,
/B9787B514338FB69BBB52098FC69FFC0,Because of the Begegnungsverbot we need to wait at least 3 minutes for the last ICE to exit the Highspeed line and then we can start our journey to Ingolstadt.,
/8EE3B7924C239DA93FDA48B0186E7E48,"Before you can depart you'll need to make sure the Brake Cylinders (BC) are empty. Release the brakes and allow for the BC to release.",
/9B8FBC184E9DF1577E46FC8502F684E5,"Before you can depart you'll need to make sure the Brake Cylinders (BC) are empty. Release the brakes and allow for the BC to release.",
/F535CAE14DEF83C67010548755A4C606,"Before you can depart you'll need to make sure the Brake Cylinders (BC) are empty. Release the brakes and allow for the BC to release.",
/5FBD42864804DE07457ABEBC05DD01CC,"Both trains should depart at 13:15 sharp. Keep within 400 meters of the other train, the closer you are, the more points you get!",
/74906F5C49304F0F7633609F42EEC859,Bpmmbdzf 286.3 + 5x MüNeX BR 101 +  DB BR 101 [Empty],
/01932517490D06947CB1CDB6D00E957E,Bpmmbdzf 286.3 + 5x MüNeX BR 101 +  DB BR 101 [Loaded],
/ACE1A6D049183C63DD6CB2BA14D5E202,Bpmmbdzf 286.3 + 7x MüNeX BR 101 +  DB BR 101 [Empty],
/5E8F3BDC4558496C4F45919CAFC718A4,Bpmmbdzf 286.3 + 7x MüNeX BR 101 +  DB BR 101 [Loaded],
/8041231943DF268EA31AAFBFCB1237BE,"Break free from the limits of the network and push your train to the max — racing at full speed along the high-speed corridor from Nürnberg to Ingolstadt. Drive modern ICE, Regional and S-Bahn trains out of Nürnberg, Germany.",
/D691AD2E43503F23D1980398942A1EA7,"By 1939, it had become one of Germany's busiest railway stations.",
/F1BA56D042D90F94B0ACA9969CCA4C32,CHECK JUNCTIONS,
/0200007E435B3C97237E259909FD5624,CLIMB ABOARD,
/40891BD84FEF52D2457FB3ABE1032EE1,CLIMB ABOARD,
/E7B33BA242786CC10B213C8BDC6C7C52,CLIMB ABOARD,
/B6F2E0F14ED8C9FC1D92D1B2CDB2B51B,CLIMBING ABOARD,
/71542A304F6E5585365DA28F51F1B098,CLOSE DOORS,
/05F0065A4EE5BA997688BD8117C1E4D2,COASTING,
/53D9ECEE4BB52886CE884EA5FE22AEE0,COASTING,
/F5CC773144595DEFD76DF7BB6DE3A13E,COASTING,
/42CDC43C48A010AB4724E388BA353F45,Car Train Ingolstadt Hbf - Ingolstadt Nord,
/4AFD27DF4E79DDD537FB8FA50105221F,Car Train Ingolstadt Hbf - Ingolstadt Nord,
/4E73050F42C2B3F013F60D8C17F440E1,Car Train Ingolstadt Hbf - Ingolstadt Nord,
/52C329B542D60A32EFA90891107C6368,Car Train Ingolstadt Hbf - Ingolstadt Nord,
/7BE75AE34BFEE5D8BD4269A4DA039AAC,Car Train Ingolstadt Hbf - Ingolstadt Nord,
/D8337FB5403660D86927C69ECD97EE8E,Car Train Ingolstadt Hbf - Ingolstadt Nord,
/235D0819414390FB2A6967ADBF18BFC4,Car Train Ingolstadt Nord - Ingolstadt Hbf,
/420BE6EC414CA54DE7063DA71738E6AB,Car Train Ingolstadt Nord - Ingolstadt Hbf,
/847FA9554B82D1A6C4216EB63FAAD8D5,Car Train Ingolstadt Nord - Ingolstadt Hbf,
/8AC3BDB441F13EDCCFF21CB2BCACC88B,Car Train Ingolstadt Nord - Ingolstadt Hbf,
/90BD99C946BCB4F733AF6E91681630B2,Car Train Ingolstadt Nord - Ingolstadt Hbf,
/A8D0E1BF415AA3B73951A2B46647979E,Car Train Ingolstadt Nord - Ingolstadt Hbf,
/E042E42D44FE2A0520AC2E9E3E9EE3B8,CarTrain,
/C0143F8B4F0402954662EE81F4C27BC3,Click the Right Mouse button to switch between Look and Control modes,
/E387F72C48DE6C2E013F43A3EBE0F28B,Climb aboard the Loco.,
/4DAF765D4EF4CA7004F9DF98AFBA9FED,Close the doors and drive to the next station unguided.,
/6F4DC88747E87E9A346173A789612143,Close the doors and drive to the next station unguided.,
/A7A94A0F455F125C794925AE105B1ABA,Close the doors and drive to the next station unguided.,
/027CA34C4AB4E9513167C9B0D7428372,Close the doors before departure.,
/2481EDF24AC2BF46BEDF60B641A10465,Close the doors before departure.,
/36810330404A6CF677C90896C6C67E84,Close the doors before departure.,
/655CDF944321957258F58F84E29965D5,Close the doors before departure.,
/67F6F7C94F53BFA814819AB5C0A0C5A3,Close the doors before departure.,
/8688DC614709CBA420DAD8B77BA56FC4,Close the doors before departure.,
/92B5089F4BCB78F4B235F688BE5D1986,Close the doors before departure.,
/C8DE5BDF463300B8E48DDCBA51E283F2,Close the doors before departure.,
/E2D73F6F43CF764391FBC498B0B03B53,Close the doors before departure.,
/EFF295A042CBB94C443FBB8B88153A06,Close the doors before departure.,
/54B9071E481696C9746546A81CC0FFDE,Coasting is a method used to efficiently maintain speed and reduce motor stress and maintenance requirements.,
/59FF89FD49D3177321D18AB7753369B5,Coasting is a method used to efficiently maintain speed and reduce motor stress and maintenance requirements.,
/5A5DA2A348B6E551D18326A33D83CC89,Coasting is a method used to efficiently maintain speed and reduce motor stress and maintenance requirements.,
/6A3BB7FB4C0E0A3FE382399FE0E6CFC6,Coasting is a method used to efficiently maintain speed and reduce motor stress and maintenance requirements.,
/93AE632E40790F39FDE82DBA71215BF7,Coasting is a method used to efficiently maintain speed and reduce motor stress and maintenance requirements.,
/ACF2AB2F4214EB3F90656AA3D2282DDD,Coasting is a method used to efficiently maintain speed and reduce motor stress and maintenance requirements.,
/C1B9816745EC37AEE1C03681B5546C51,Coasting is a method used to efficiently maintain speed and reduce motor stress and maintenance requirements.,
/D2073F3E429D4B3232C974A75609FA5D,Coasting is a method used to efficiently maintain speed and reduce motor stress and maintenance requirements.,
/FBD3050941DA10E57E2ADAA239F3534E,Coasting is a method used to efficiently maintain speed and reduce motor stress and maintenance requirements.,
/9FF1E41143EFF9342DC76DB7BCA4DDD6,"Completed and opening in 1915, Leipzig Hbf had become one of the world's largest railway stations with 26 platforms.",
/54E041E1413E783630C807B90FF634BD,Continue your journey as a new Driver and experience everything that Nürnberg Ingolstadt has to offer.,
/01CC870E48A2849D3660CC8648AC9AF1,DB BR 101 + 5x MüNeX + Bpmmbdzf 286.3 [Empty],
/59D6A76141BCA208EFB7F0A66E43B4CA,DB BR 101 + 5x MüNeX + Bpmmbdzf 286.3 [Loaded],
/65A4A8F342F8416C89965EBE369C33A9,DB BR 101 + 7x MüNeX + Bpmmbdzf 286.3 [Empty],
/80FFA96147D13CFA464F5681CA371289,DB BR 101 + 7x MüNeX + Bpmmbdzf 286.3 [Loaded],
/117AE32040E58F98165028A7C65615EA,DB BR 403 Red Stripe [Empty],
/6DA2DB61443FFDCF8E817294BE927783,DB BR 403 Red Stripe [Empty],
/357C4E2A4C685C3C4245D39403388265,DB BR 403 x2 Red Stripe [Empty],
/59E13C1F4C9E45BB5F76DD872888F724,DB BR 403 x2 Red Stripe [Loaded],
/9B6831C04D0C9611035154A7F9616ED1,DB BR612 Single Unit,
/E12397104B4769D424E0E2B5FF55B673,DGS (40122) Bremen Grolland to Kufstein,
/1EFF3C0D429C7E72CEAB11B16BE363F9,DGS (40123) Kufstein to Bremen Grolland,
/C6CEF7994024E3D6C46965AB9F2B0FDF,DGS (46307) Leipzig Wahren to Verona Quadrante Europa,
/BA806C9A4F1702BCBD9F40BE8011EC9C,DGS (46308) Verona Quadrante Europa to Leipzig Wahren,
/C548C6B348229C8A10E355A249840E6F,DGS (47840) Hamburg Alte Süderelbe to Rosenheim,
/8427B6E845D704BA1CC6EFBA9BA52A58,DOOR OPEN,
/74380EC645280D98A3942C920281C6D7,"Departing Leipzig Hbf, you can see old abandoned roundhouses with turntables in the distance. These are what remains of the sheds which housed locomotives which would have taken trains in and out of the central station. Nowadays trains that service the station don't require turntables.",
/3C1C1A2745FADCAC6906C68DECED6721,"Departing Nürnberg we follow the S-Bahn Line towards Feucht, after which the highspeed line branches off towards Ingolstadt and follows the Autobahn.",
/6F5BDDA14CB395B5039241AF4DE0C2A1,Distance to other Train,
/10A3DEDD4CCD21B08C98CEA6AF8B2C16,"Drive an ICE 3 alongside a second ICE 3 to mark the opening of the new Nuremberg–Ingolstadt line, and try to stay as close as possible to the other ICE. Do not exceed 300 km/h.",
/2E4337CC49B3BB5D7BDD51A1C21E217B,Drive this Car Train with brand new cars from Ingolstadt Nord to Ingolstadt Hbf,
/510B1FB14D884050141F52BC4A067296,Drive this Car Train with brand new cars from Ingolstadt Nord to Ingolstadt Hbf,
/6A8324154CEA097ECD20AABAD1E2D42B,Drive this Car Train with brand new cars from Ingolstadt Nord to Ingolstadt Hbf,
/7300118C4214C7EA67387282FD246237,Drive this Car Train with brand new cars from Ingolstadt Nord to Ingolstadt Hbf,
/90B950AA4D4B80C7205CE0B84433BFC8,Drive this Car Train with brand new cars from Ingolstadt Nord to Ingolstadt Hbf,
/A0565CCA41F140EB11808D98DB7CCF96,Drive this Car Train with brand new cars from Ingolstadt Nord to Ingolstadt Hbf,
/09B9BFC842D13F8D5CE671B10404F7CB,Drive this ICE 1 to Ingolstadt Hbf,
/225F4EF349AD96F901DDE1B6F638BC49,Drive this ICE 1 to Ingolstadt Hbf,
/63BBBD3445D71CF2D5C23A825AD9CBA6,Drive this ICE 1 to Ingolstadt Hbf,
/94F3E12F4CEF29FC487D328555620D78,Drive this ICE 1 to Ingolstadt Hbf,
/DF5E309C4232F22D8AE41C86838E74AC,Drive this ICE 1 to Ingolstadt Hbf,
/F368204D4040403AF9E9A78A1D72CDB0,Drive this ICE 1 to Ingolstadt Hbf,
/418CFC77448AE3BD36FE4CBEC0B831A2,Drive this ICE 1 to Nürnberg Hbf,
/6DFD65B24E8D3A1E28E0F0AA694CD6E5,Drive this ICE 1 to Nürnberg Hbf,
/94B356D641904A82F6FEEBB6D8F68787,Drive this ICE 1 to Nürnberg Hbf,
/C9D1CDFD400BD3EA7376619D3C06F076,Drive this ICE 1 to Nürnberg Hbf,
/D6113F5249A2AAC32306B38654E04759,Drive this ICE 1 to Nürnberg Hbf,
/03983D634F2CF5F9DF6415A9FBADF55E,Drive this ICE 3 to Ingolstadt Hbf,
/1888224A409C11CF300BF49B06E724C5,Drive this ICE 3 to Ingolstadt Hbf,
/1EE8666E488B822BF6C698B26B88E591,Drive this ICE 3 to Ingolstadt Hbf,
/21AA5B934F6B92416D5D1A912F675C78,Drive this ICE 3 to Ingolstadt Hbf,
/42C870CE44CF3DB62C09DFB8F4EE075F,Drive this ICE 3 to Ingolstadt Hbf,
/4A1261A1490708F3A18457A7DA6B449D,Drive this ICE 3 to Ingolstadt Hbf,
/4A1BDBEB42BC99D54592A69B9DADAA86,Drive this ICE 3 to Ingolstadt Hbf,
/5E0CA54046A2520DA8902EB7B0DF65A1,Drive this ICE 3 to Ingolstadt Hbf,
/6EFF6C9A4AEFF0FD8ED5069EE9576335,Drive this ICE 3 to Ingolstadt Hbf,
/73DB9A9F48C532ECD3C264A75033E509,Drive this ICE 3 to Ingolstadt Hbf,
/A4735A274F3F4CEE645D58AD26A6E1D8,Drive this ICE 3 to Ingolstadt Hbf,
/A822ADAC4C233CA524549CA02D38A3E2,Drive this ICE 3 to Ingolstadt Hbf,
/AB653B0C478473BFE0561BA2A43D6994,Drive this ICE 3 to Ingolstadt Hbf,
/C743194B479771EB62D050A9853C494B,Drive this ICE 3 to Ingolstadt Hbf,
/FE876A9E426EE9E0BF62DA92FF0AEA58,Drive this ICE 3 to Ingolstadt Hbf,
/0D8FC59740A5066C5A3F6DA4FEBA9885,Drive this ICE 3 to Nürnberg Hbf,
/12A23545427C7940C3A630B1EA09EABC,Drive this ICE 3 to Nürnberg Hbf,
/1339C3554CA7724BE3F474B8C3B25818,Drive this ICE 3 to Nürnberg Hbf,
/27ECD4A346BA224EBB493C88F9DE7E18,Drive this ICE 3 to Nürnberg Hbf,
/39E07810431542F6679A2C9629D8F559,Drive this ICE 3 to Nürnberg Hbf,
/3BABAE3F4E33FE8D93301DA2121B3548,Drive this ICE 3 to Nürnberg Hbf,
/3F72E52741CCD881382AE1A088F27863,Drive this ICE 3 to Nürnberg Hbf,
/48790EF247841DEFAE7D6EB7C45EE72B,Drive this ICE 3 to Nürnberg Hbf,
/4A8D01724589DE678B019D8565CD6E22,Drive this ICE 3 to Nürnberg Hbf,
/6E91FE4C452F97556C27628A952F71F3,Drive this ICE 3 to Nürnberg Hbf,
/83FDC8234CE7DC1E5C12CF8FB0175F67,Drive this ICE 3 to Nürnberg Hbf,
/A6922698457767C2158A1B95EA650EEA,Drive this ICE 3 to Nürnberg Hbf,
/B8D5776342203277CF67B7A3CBDF64F9,Drive this ICE 3 to Nürnberg Hbf,
/C3B60F9D4F1DF098DEFFBA864EA2D4B8,Drive this ICE 3 to Nürnberg Hbf,
/C8249F7948AFB43B068A76982171FB47,Drive this ICE 3 to Nürnberg Hbf,
/CF3B56A34B4C022F0E16DEABE08BB700,Drive this ICE 3 to Nürnberg Hbf,
/D671D6164D76E9EBF51232B9EC3AE34E,Drive this ICE 3 to Nürnberg Hbf,
/FE5704204C6FE9085B8DFD88F4084A15,Drive this ICE 3 to Nürnberg Hbf,
/3F2143B243499048D02B61BF93D28E70,Drive this ICE T to Ingolstadt Hbf,
/417C1E2C47E871D21873E8A66521055D,Drive this ICE T to Ingolstadt Hbf,
/80D780184B088A2CD5E9FDAEECCB3C0A,Drive this ICE T to Ingolstadt Hbf,
/85A981E4477B81D9D30B81A6B4A8176D,Drive this ICE T to Ingolstadt Hbf,
/99D1F3A24826D637A597ABB735A44EB8,Drive this ICE T to Ingolstadt Hbf,
/9D6F77F44696735537AA49AC27DBF848,Drive this ICE T to Ingolstadt Hbf,
/9E2A81954083D2F1172685AC1DA6D27A,Drive this ICE T to Ingolstadt Hbf,
/C9E656F547D0440E1A4B81A00C8B3505,Drive this ICE T to Ingolstadt Hbf,
/DBB610BF4D4057FC03CEEFAAB63590F4,Drive this ICE T to Ingolstadt Hbf,
/005ECA9643DC5DBB83BAF9A985D39560,Drive this ICE T to Nürnberg Hbf,
/3B354F7B4308774184F3E881B1AB8CCA,Drive this ICE T to Nürnberg Hbf,
/7B8D81DF442571A5859EE1AC584C932D,Drive this ICE T to Nürnberg Hbf,
/7F8ED6DE44F193B0590F408ACE9D3380,Drive this ICE T to Nürnberg Hbf,
/97DE4F0849E5E54C8A52B698B76BBFC7,Drive this ICE T to Nürnberg Hbf,
/A9503CFF41652ADC1DAE60B273E66801,Drive this ICE T to Nürnberg Hbf,
/C91070864F7532E6206820AD8317AF61,Drive this ICE3 from Ingolstadt to Nürnberg in the dawn - the golden hour!,
/D79D8AA3410B3DBD010AC59CC673B5D1,Drive this Regional Express to Ingolstadt,
/04389C5F4D541C21916BF6859A25FB55,Drive this Regionalexpress to Ingolstadt,
/22ED7E7D4B372384DCE9FD8DAFAF27DD,Drive this Regionalexpress to Ingolstadt,
/2B9EC8ED4890CECFB38237A3A80399DF,Drive this Regionalexpress to Ingolstadt,
/2E2E12DF4C776C1EFBC79DBDF1866159,Drive this Regionalexpress to Ingolstadt,
/47554D7B42B2CB3241E6C48A56E98374,Drive this Regionalexpress to Ingolstadt,
/7FA66012447A7961F31774BD98965675,Drive this Regionalexpress to Ingolstadt,
/89319EA04B40902AF63579820B4D2F42,Drive this Regionalexpress to Ingolstadt,
/97DE27084A841CF3F9ECBDBA51B1A93C,Drive this Regionalexpress to Ingolstadt,
/C7AA7EF14DA73F0AB0A41296F3CF0781,Drive this Regionalexpress to Ingolstadt,
/D69A3B7343C4E6376DB7D9BF521CE82B,Drive this Regionalexpress to Ingolstadt,
/DA413EAE4435FC458BDB2FA07CF605EF,Drive this Regionalexpress to Ingolstadt,
/FEE9980C491411F382EC36821889E926,Drive this Regionalexpress to Ingolstadt,
/0B40F00F4E2D52BCE91970BCA7B93085,Drive this Regionalexpress to Nürnberg Hbf,
/3A1A74C64821B4B7C6EACEB46C9DBC65,Drive this Regionalexpress to Nürnberg Hbf,
/3AF5C5AC4956A197F74F25BE843E0107,Drive this Regionalexpress to Nürnberg Hbf,
/3FE48FBA4DB86D3013D117B3B9D88848,Drive this Regionalexpress to Nürnberg Hbf,
/63A108614D6E30A12B5161B001BF2940,Drive this Regionalexpress to Nürnberg Hbf,
/846F535F4C07FDF3657EF0ADEFC8A0C3,Drive this Regionalexpress to Nürnberg Hbf,
/941CA47B436B28394229C4A18402AA47,Drive this Regionalexpress to Nürnberg Hbf,
/9433EDCA432B9DED00A13E853CAC2D7A,Drive this Regionalexpress to Nürnberg Hbf,
/B0BCC5064FA476C8D4387DAA759E9933,Drive this Regionalexpress to Nürnberg Hbf,
/FCB1B88C46CA7B0676BACCA7CD84C2EC,Drive this Regionalexpress to Nürnberg Hbf,
/1F7EE67644C574A51046FF87F3601E86,Drive this car train from Feucht to Nürnberg,
/26A83523451C784F0B559292957C30E3,Drive this car train from Feucht to Nürnberg,
/27E300634B1F8CF8E3375295DEEF5D70,Drive this car train from Nürnberg to Feucht,
/1B7CE25D4E1077CAA48C39A41D253665,Drive this empty Car Train from Ingolstadt Hbf to Ingolstadt Nord,
/4A4EDC2549E98E91A4125FAA4B11C2F5,Drive this empty Car Train from Ingolstadt Hbf to Ingolstadt Nord,
/4AE33D8843B20FDD95BA84972C997385,Drive this empty Car Train from Ingolstadt Hbf to Ingolstadt Nord,
/90EB9BEB40CB89A9F2C37B8D25C303DE,Drive this empty Car Train from Ingolstadt Hbf to Ingolstadt Nord,
/CA1564394EF7E014FE96D8B84F994EA2,Drive this empty Car Train from Ingolstadt Hbf to Ingolstadt Nord,
/F4D82F3F468B456C6A610E957DE52F55,Drive this empty Car Train from Ingolstadt Hbf to Ingolstadt Nord,
/1DA82C7A4FE15FE71000ACB4258C4A59,Drive this formation into the yard,
/4FE6054148F5E2762675F3B7749C42C1,Drive this formation into the yard,
/5733EBD742CDB2B08D06DD8FA8BF8B32,Drive this formation into the yard,
/593C04A845F368023BE1F38858015866,Drive this formation into the yard,
/871BA0AC41F16B83E95701BAE5002310,Drive this formation into the yard,
/8CCFFE2F4928FA8E8CC5FF99DBE832BB,Drive this formation into the yard,
/A6D1432E4472B887284E028CF001089E,Drive this formation into the yard,
/C854B82A4353924F66D3E89BFC1F82BE,Drive this formation into the yard,
/421355FA4E8BC91C08158DB5A7C1469B,Drive this general cargo train from Feucht to Nürnberg,
/982F0CA149FB2733DB33C3B1BD33B478,Drive this general cargo train from Feucht to Nürnberg,
/7A121B674DC15387B767B4BA25581C57,Drive this general cargo train from Nürnberg Hbf to Feucht,
/7FD732114ED409EE019A40A0CDADDB87,Drive this intermodal freight train from Nürnberg to Feucht,
/C3139A5C44B8E5F9B9060BBB19082D53,Drive this intermodal train from Feucht to Nürnberg,
/44B327E945E765C2F5C993AD7BFB6B57,Drive this manifest freight train from Nürnberg to Feucht,
/83F083784237812F6200919C1A3999B2,Drive this mixed freight train from Feucht to Nürnberg,
/9A73084544A974C0FB54E487394FEB69,Drive this mixed freight train from Nürnberg to Feucht,
/027B60F34CF62C053D006CA88F5ECAED,Drive this passenger service from Feucht to Nürnberg Hbf,
/115D9E2C4F76CE1BCB4D65B8903ECAA3,Drive this passenger service from Feucht to Nürnberg Hbf,
/2DCF917F41CE1D405B17D48B3D35F728,Drive this passenger service from Feucht to Nürnberg Hbf,
/376F2DA44BA6F8D85AF81D9854BAE7A8,Drive this passenger service from Feucht to Nürnberg Hbf,
/3C11673F4318E68486381D95B0D042C9,Drive this passenger service from Feucht to Nürnberg Hbf,
/3E906E6343370489A537B49C52C8E616,Drive this passenger service from Feucht to Nürnberg Hbf,
/413A159A4FD939AAD93E329F2E930E10,Drive this passenger service from Feucht to Nürnberg Hbf,
/4237B5ED4A58B68E803089A61005FA67,Drive this passenger service from Feucht to Nürnberg Hbf,
/4B9BD8C7409ACB6760D6D18F49A0A789,Drive this passenger service from Feucht to Nürnberg Hbf,
/4C9DEB434EB5677EEE070D9C6C523E82,Drive this passenger service from Feucht to Nürnberg Hbf,
/4EAF4F2C4E9596C852647DB2C83C008A,Drive this passenger service from Feucht to Nürnberg Hbf,
/4FBFFF404A5127A38F11B0A8F4B2E254,Drive this passenger service from Feucht to Nürnberg Hbf,
/524322BA4F6CFD7058E51CA72FDCAD5F,Drive this passenger service from Feucht to Nürnberg Hbf,
/5DE01E144AA322F28471D2B7CD20466E,Drive this passenger service from Feucht to Nürnberg Hbf,
/60E789A3475A150F00359190E55D1E24,Drive this passenger service from Feucht to Nürnberg Hbf,
/60EF9547422BC713F88927BEDBF07D41,Drive this passenger service from Feucht to Nürnberg Hbf,
/61063D184180BD9A1F29C3BE63241270,Drive this passenger service from Feucht to Nürnberg Hbf,
/6633B67D432A2581FE0184AB3A99C16D,Drive this passenger service from Feucht to Nürnberg Hbf,
/68326AF346779442DBAB18824C62C566,Drive this passenger service from Feucht to Nürnberg Hbf,
/69B7A37041DBABB7EF72869C8E4B0C7F,Drive this passenger service from Feucht to Nürnberg Hbf,
/70462F284ACF1D965DF1F9B9D70EE04E,Drive this passenger service from Feucht to Nürnberg Hbf,
/773A70904640B4AD1296DF979291162A,Drive this passenger service from Feucht to Nürnberg Hbf,
/7C04967D42C336D08B5AF7ABC0521C80,Drive this passenger service from Feucht to Nürnberg Hbf,
/7D7AE7044A34703D3A452C9F34C2C20B,Drive this passenger service from Feucht to Nürnberg Hbf,
/7DF5C5A24F7FCC84F87EAC98DA4DF229,Drive this passenger service from Feucht to Nürnberg Hbf,
/892F3BD64B3921862350F4876DCE96BF,Drive this passenger service from Feucht to Nürnberg Hbf,
/90319B454AEB1D6F02299489067B63B1,Drive this passenger service from Feucht to Nürnberg Hbf,
/91F98BA34EF87C65272352A8BA6440DA,Drive this passenger service from Feucht to Nürnberg Hbf,
/9FA15A6C4681786AE56A759670DD5D33,Drive this passenger service from Feucht to Nürnberg Hbf,
/A042DF5A4B76B0D5959118ABD70CCD94,Drive this passenger service from Feucht to Nürnberg Hbf,
/A442ABA344F5D28700794BA65F08491A,Drive this passenger service from Feucht to Nürnberg Hbf,
/A8317FEB4D1033DFE3367585E91DB686,Drive this passenger service from Feucht to Nürnberg Hbf,
/A9359DAB4DF644E6BE84CDAEAA7F5571,Drive this passenger service from Feucht to Nürnberg Hbf,
/AA4C84754DE7CAB9C6916EA4474408B7,Drive this passenger service from Feucht to Nürnberg Hbf,
/AB1DE70C45ECD921582602A41AB6365F,Drive this passenger service from Feucht to Nürnberg Hbf,
/B057734A4275BB8AFDA58EA9642B7026,Drive this passenger service from Feucht to Nürnberg Hbf,
/B19AA6CC43B0A53637B138B8E3783234,Drive this passenger service from Feucht to Nürnberg Hbf,
/B3F6A4EB401B286596558199A9D88D51,Drive this passenger service from Feucht to Nürnberg Hbf,
/BA5AD16C4A719E11F5C2449F06BFFFD1,Drive this passenger service from Feucht to Nürnberg Hbf,
/BDE6AD2F46C8387AEEA1378D89302880,Drive this passenger service from Feucht to Nürnberg Hbf,
/C57FF257462B5C2DB8D474A5457F741B,Drive this passenger service from Feucht to Nürnberg Hbf,
/C76EB8EE4A222E440C55178284C4ACD7,Drive this passenger service from Feucht to Nürnberg Hbf,
/D80F8B494723272C5123BEA047C49E40,Drive this passenger service from Feucht to Nürnberg Hbf,
/D885C64646E13A93A80405B5D8C5892E,Drive this passenger service from Feucht to Nürnberg Hbf,
/EE1713D2448E250BC2D1CC8E2C47B2D4,Drive this passenger service from Feucht to Nürnberg Hbf,
/FF4644F049712A17EE06B69D1E6A63B3,Drive this passenger service from Feucht to Nürnberg Hbf,
/001CD2DD4EEB76C3B5ED8FBC8C4BAC3E,Drive this passenger service from Feucht to Nürnberg Hbf.,
/01C6586345CA03A935E22292A5392A16,Drive this passenger service from Feucht to Nürnberg Hbf.,
/0229DA3A4FB86C2D200CF986F5F988E1,Drive this passenger service from Feucht to Nürnberg Hbf.,
/09AE9DD743A1A7F9C80CD28A0831409A,Drive this passenger service from Feucht to Nürnberg Hbf.,
/109788E640DCA043FE4B2B8DD3EE1A3C,Drive this passenger service from Feucht to Nürnberg Hbf.,
/10B3E4F2414D8BEDE220449FBAF9CAE5,Drive this passenger service from Feucht to Nürnberg Hbf.,
/18627D5945479CDB4BEE99A575E2B963,Drive this passenger service from Feucht to Nürnberg Hbf.,
/1BEAFB404B9403FF4BFE3D8EA1E52EDE,Drive this passenger service from Feucht to Nürnberg Hbf.,
/23758FCC42E5C40A9CE9338FEDBC0DF2,Drive this passenger service from Feucht to Nürnberg Hbf.,
/2C2FA867423D16ED9E15CB9F08396070,Drive this passenger service from Feucht to Nürnberg Hbf.,
/336FDC1D4AFDA018633B6DA3F755B3D0,Drive this passenger service from Feucht to Nürnberg Hbf.,
/42E3FB7C40E33A77600529950DAF94A1,Drive this passenger service from Feucht to Nürnberg Hbf.,
/464597F945AF181F04D6A09B3D808D87,Drive this passenger service from Feucht to Nürnberg Hbf.,
/4B4CCFA840BC16BD1D41A3800ECFF0FF,Drive this passenger service from Feucht to Nürnberg Hbf.,
/5041FDE44F06DEA8EF1FA9874DA38A84,Drive this passenger service from Feucht to Nürnberg Hbf.,
/5369FCF64A725EDA81D739BC834AF1D0,Drive this passenger service from Feucht to Nürnberg Hbf.,
/53E44078485B941572FE38B4C6D9D4AE,Drive this passenger service from Feucht to Nürnberg Hbf.,
/5769849D4E9DB4D64AF76E9EBAAF33F1,Drive this passenger service from Feucht to Nürnberg Hbf.,
/581EFD4B437530E813DDD6B650E4CA11,Drive this passenger service from Feucht to Nürnberg Hbf.,
/58DB7AE14C8FD31CF8D06C87DCA887E1,Drive this passenger service from Feucht to Nürnberg Hbf.,
/59889C6548BF6753D5DE0FA098C59C3F,Drive this passenger service from Feucht to Nürnberg Hbf.,
/60E12AE0499712DEACB5E99A64D708EE,Drive this passenger service from Feucht to Nürnberg Hbf.,
/63936D3F42C4995C3A3474A4BAD8A8C0,Drive this passenger service from Feucht to Nürnberg Hbf.,
/68F5CF794231383F9B8F208E22F96C53,Drive this passenger service from Feucht to Nürnberg Hbf.,
/6F151D144336FD8B1EED7492D92B8815,Drive this passenger service from Feucht to Nürnberg Hbf.,
/787F18DA42F33A8B08296588C134A2F5,Drive this passenger service from Feucht to Nürnberg Hbf.,
/7AD170C9457ED95A26F807855DCF0555,Drive this passenger service from Feucht to Nürnberg Hbf.,
/832B1B464396A828D8F4978A433FC5F1,Drive this passenger service from Feucht to Nürnberg Hbf.,
/83CBCCD041C2E3AACD03B4B95635ABB9,Drive this passenger service from Feucht to Nürnberg Hbf.,
/851125EE46DBC5AC6432F4B430D220DE,Drive this passenger service from Feucht to Nürnberg Hbf.,
/874A4B354A9B35AC8770CFABD0A3ED2B,Drive this passenger service from Feucht to Nürnberg Hbf.,
/88E551824A18A00980042E89DDBE8958,Drive this passenger service from Feucht to Nürnberg Hbf.,
/891C6D2448A615565B5B2DB5AD36FC7B,Drive this passenger service from Feucht to Nürnberg Hbf.,
/8F9DB3704F6124EE663F1BA508F754FA,Drive this passenger service from Feucht to Nürnberg Hbf.,
/913F85ED4E4B243271E7F48A8D30633C,Drive this passenger service from Feucht to Nürnberg Hbf.,
/93512061426AA6D9361EC79A7ECE0115,Drive this passenger service from Feucht to Nürnberg Hbf.,
/942405994985A8894D9DFE9DDC54500A,Drive this passenger service from Feucht to Nürnberg Hbf.,
/9B5190854F99E60E00B8668F30B86C07,Drive this passenger service from Feucht to Nürnberg Hbf.,
/9C9961064E2ABC862C09828FD3DA86F0,Drive this passenger service from Feucht to Nürnberg Hbf.,
/9E89B2E946E7BB225D974C9FBD79392C,Drive this passenger service from Feucht to Nürnberg Hbf.,
/A023550B49B9FABC83850E832335B779,Drive this passenger service from Feucht to Nürnberg Hbf.,
/A0436E4E4BAE7082F47F87A843C64187,Drive this passenger service from Feucht to Nürnberg Hbf.,
/A26AF052488B0B3E6F94BD81E1E9308F,Drive this passenger service from Feucht to Nürnberg Hbf.,
/A2AADAAF41999E247799CC8E94EFBE30,Drive this passenger service from Feucht to Nürnberg Hbf.,
/A7E9B0084E10728AEE3079B72FD5F5EB,Drive this passenger service from Feucht to Nürnberg Hbf.,
/B228D8A84D4CF4162FB9C486F43B0140,Drive this passenger service from Feucht to Nürnberg Hbf.,
/B54AC3FF4DFF1EA67E6ABFA4F179E28C,Drive this passenger service from Feucht to Nürnberg Hbf.,
/B60276394DB8A573F43DAC8CD321AF35,Drive this passenger service from Feucht to Nürnberg Hbf.,
/B69819A34CE724FC11FBF49B00FAE6D5,Drive this passenger service from Feucht to Nürnberg Hbf.,
/B7E1F9B34C2057DFBA064981F9F98E0C,Drive this passenger service from Feucht to Nürnberg Hbf.,
/C12B4BDD4302E5DBC445D2BD58EC7DDC,Drive this passenger service from Feucht to Nürnberg Hbf.,
/D5F1BFF44137099F70A4D7B82A61D5E9,Drive this passenger service from Feucht to Nürnberg Hbf.,
/DDAACF804927B8B01294B58CA93FE408,Drive this passenger service from Feucht to Nürnberg Hbf.,
/DF2EC6C44407449FB23424941E8325F4,Drive this passenger service from Feucht to Nürnberg Hbf.,
/E334CAAA4CF400046311E7808BB8DE31,Drive this passenger service from Feucht to Nürnberg Hbf.,
/E97AD01243A7EB7055660188E8BCC8F1,Drive this passenger service from Feucht to Nürnberg Hbf.,
/ECE4C6A447E865A9665A5A9217F0BEE9,Drive this passenger service from Feucht to Nürnberg Hbf.,
/F493FBFD4A64CDDD98C96F993F06E8C6,Drive this passenger service from Feucht to Nürnberg Hbf.,
/FAB2AD4E48EA0D99F4F25B90821EF8FE,Drive this passenger service from Feucht to Nürnberg Hbf.,
/04C5CAA64428026BE10C40ABA7D03581,Drive this passenger service from Nürnberg Hbf to Feucht.,
/089ADACC4A2DB1D84BEFDFA3F3C53DFA,Drive this passenger service from Nürnberg Hbf to Feucht.,
/0A2B668946EC7DCBD77327A590CE7591,Drive this passenger service from Nürnberg Hbf to Feucht.,
/0A6DCE934DC8315B4BCD06A3BBEE5718,Drive this passenger service from Nürnberg Hbf to Feucht.,
/13D4697845ACA17367386A87A97EB358,Drive this passenger service from Nürnberg Hbf to Feucht.,
/16691B9B44FD668947152AB6C2C71038,Drive this passenger service from Nürnberg Hbf to Feucht.,
/16AECEF343E3EF5792116C95C77120CB,Drive this passenger service from Nürnberg Hbf to Feucht.,
/1927CC6041DB6C7EC1C2D795FB212620,Drive this passenger service from Nürnberg Hbf to Feucht.,
/1A30A8A24FE54A06AF5B7EB176FC0D77,Drive this passenger service from Nürnberg Hbf to Feucht.,
/1AAE9EB1447D3316B8B79FB89BF06FDB,Drive this passenger service from Nürnberg Hbf to Feucht.,
/1C823B8743B46F5970900E89B6C5AC10,Drive this passenger service from Nürnberg Hbf to Feucht.,
/21182EEE42536AAEFA659D8D1747FC5B,Drive this passenger service from Nürnberg Hbf to Feucht.,
/23FBAE3F4D57D2AE293A1C825E9AD922,Drive this passenger service from Nürnberg Hbf to Feucht.,
/246D3E6C4D177046448D74B17F796DB5,Drive this passenger service from Nürnberg Hbf to Feucht.,
/25C9804941DEF6239F00318F0DD563A5,Drive this passenger service from Nürnberg Hbf to Feucht.,
/272900504CA4A296BD8956AC9E0438A8,Drive this passenger service from Nürnberg Hbf to Feucht.,
/2BC978E54494C1D9FC1256A7E0FB74DE,Drive this passenger service from Nürnberg Hbf to Feucht.,
/2F45BB7A4D8477DAE5F2BC81734471E2,Drive this passenger service from Nürnberg Hbf to Feucht.,
/3118A6DE45CBFA1D6D4E68989B73B12F,Drive this passenger service from Nürnberg Hbf to Feucht.,
/35D1AC2B4238F1E934ABBEB40EA048D8,Drive this passenger service from Nürnberg Hbf to Feucht.,
/38400C8847C4091B04453E89BF48485C,Drive this passenger service from Nürnberg Hbf to Feucht.,
/39835170439A30143711EE98AFE69F14,Drive this passenger service from Nürnberg Hbf to Feucht.,
/40A69CEA45A3F7C4C692428278137830,Drive this passenger service from Nürnberg Hbf to Feucht.,
/46201E8F4C08284839A08BB08094EEC3,Drive this passenger service from Nürnberg Hbf to Feucht.,
/46DE07FF4AB8F84174BFF3A925B962A0,Drive this passenger service from Nürnberg Hbf to Feucht.,
/4A07DCC84B295700CB889D9CA34CB031,Drive this passenger service from Nürnberg Hbf to Feucht.,
/4AECB84341284A1BF0A7A09A111F0D31,Drive this passenger service from Nürnberg Hbf to Feucht.,
/4EDD46BC4358DDC7DBD453AD4954D4B8,Drive this passenger service from Nürnberg Hbf to Feucht.,
/512A0F9142700F6F6686029831C0451F,Drive this passenger service from Nürnberg Hbf to Feucht.,
/5130BC2746452216D292A4A62E0985AE,Drive this passenger service from Nürnberg Hbf to Feucht.,
/536842164A78A75D9288828C1CD9F282,Drive this passenger service from Nürnberg Hbf to Feucht.,
/57B8C049401307529866ADA97F241D50,Drive this passenger service from Nürnberg Hbf to Feucht.,
/590E7E3A44C74071CEFDE1BE851A0513,Drive this passenger service from Nürnberg Hbf to Feucht.,
/5DF8DA344E381E033397238CC619564E,Drive this passenger service from Nürnberg Hbf to Feucht.,
/61938E54431C59E9B0D0118FED5C1776,Drive this passenger service from Nürnberg Hbf to Feucht.,
/61F7B52C4C25B04BD24C1BAE36EA9E45,Drive this passenger service from Nürnberg Hbf to Feucht.,
/62A567724A619CAA319548A979528F97,Drive this passenger service from Nürnberg Hbf to Feucht.,
/638F0A7746ED4D91E25BB5B5F43C30E5,Drive this passenger service from Nürnberg Hbf to Feucht.,
/66169283477A49885835279A17F95582,Drive this passenger service from Nürnberg Hbf to Feucht.,
/669CCFEE4CA56DD490804AB48C3C63F1,Drive this passenger service from Nürnberg Hbf to Feucht.,
/67E3D3BB44AAA0CD0F3AEFBDCDCA921A,Drive this passenger service from Nürnberg Hbf to Feucht.,
/6B5DB6854F2E81C86E92A7860ACFC48B,Drive this passenger service from Nürnberg Hbf to Feucht.,
/6B679F79496BBE5D1F2ABAB234926567,Drive this passenger service from Nürnberg Hbf to Feucht.,
/6F1BE1C440256A8B394EB682871B5F69,Drive this passenger service from Nürnberg Hbf to Feucht.,
/7312E8314F8B469DD9DA72B5B49A8012,Drive this passenger service from Nürnberg Hbf to Feucht.,
/74752ECB4E99E2184BEC0C9580F4AF88,Drive this passenger service from Nürnberg Hbf to Feucht.,
/7488427B402A09BBBCE9D9806A8958CA,Drive this passenger service from Nürnberg Hbf to Feucht.,
/7895AC204BB0B15492122492B12E0EC5,Drive this passenger service from Nürnberg Hbf to Feucht.,
/7CB4040544D22DE7BBBA55A155999932,Drive this passenger service from Nürnberg Hbf to Feucht.,
/7CCC11214A6ADDB41B7D19AA8688F8C9,Drive this passenger service from Nürnberg Hbf to Feucht.,
/7D0AD56548604199E53F52A2359D3A1F,Drive this passenger service from Nürnberg Hbf to Feucht.,
/7DED4951486B39D9A17FD791A183360A,Drive this passenger service from Nürnberg Hbf to Feucht.,
/7F2809F74B3F555DB472EF99BE92A265,Drive this passenger service from Nürnberg Hbf to Feucht.,
/8020E83D47BD97F80CCBBC9C1C5980C8,Drive this passenger service from Nürnberg Hbf to Feucht.,
/81A11BF148E9726EF39109A71A7397E5,Drive this passenger service from Nürnberg Hbf to Feucht.,
/82AC1ACE457A6C177958EC912DE37334,Drive this passenger service from Nürnberg Hbf to Feucht.,
/834233664DA5257844D067955F95A3C1,Drive this passenger service from Nürnberg Hbf to Feucht.,
/88D2761C4E8B6283F89BFE8356FDA8B3,Drive this passenger service from Nürnberg Hbf to Feucht.,
/8FE96FA4452DD5A3972CA18ABF446CF3,Drive this passenger service from Nürnberg Hbf to Feucht.,
/92F9AE3F4D65C7782491BC96A7CDAAE5,Drive this passenger service from Nürnberg Hbf to Feucht.,
/9778844D426302374356848FE268BE21,Drive this passenger service from Nürnberg Hbf to Feucht.,
/9BF7E7974BC07E2B539FF98FC6A1C6C7,Drive this passenger service from Nürnberg Hbf to Feucht.,
/9D67EF614FAB957EF3DF1F88BEEE9154,Drive this passenger service from Nürnberg Hbf to Feucht.,
/9E8572684E24EE679B00B1870749D19E,Drive this passenger service from Nürnberg Hbf to Feucht.,
/A4934B4349C272785925069D3F3AC05E,Drive this passenger service from Nürnberg Hbf to Feucht.,
/AA692E844567843C41AA3FB983DAE118,Drive this passenger service from Nürnberg Hbf to Feucht.,
/AC7E9257488022F3F208639434FC2950,Drive this passenger service from Nürnberg Hbf to Feucht.,
/AEB8E16C42EA63CDE7A99BAD4BD3EB8E,Drive this passenger service from Nürnberg Hbf to Feucht.,
/B38A4E304AF24924B5711B9029A56DB6,Drive this passenger service from Nürnberg Hbf to Feucht.,
/B616F83A44274306ACC7089EF9C1E585,Drive this passenger service from Nürnberg Hbf to Feucht.,
/B918523543B173F22FEF85B19C3BBBFA,Drive this passenger service from Nürnberg Hbf to Feucht.,
/BA2246CE4F158592ED1068B9B4D4F658,Drive this passenger service from Nürnberg Hbf to Feucht.,
/BA5672404D7EDCDDBE334695A86E3A8C,Drive this passenger service from Nürnberg Hbf to Feucht.,
/BB08753943C586E6F138BBA7F2DB423C,Drive this passenger service from Nürnberg Hbf to Feucht.,
/BC4935804EC4BF6EFA0E429036747DF2,Drive this passenger service from Nürnberg Hbf to Feucht.,
/BCB3B7244DD5D86F868371B9F4ED8CC1,Drive this passenger service from Nürnberg Hbf to Feucht.,
/BCEE36604CEDA8CED55F74A098342F08,Drive this passenger service from Nürnberg Hbf to Feucht.,
/BDB6B47543B69A10937D34A0C769B5D0,Drive this passenger service from Nürnberg Hbf to Feucht.,
/C413540B4C6165D63FFEACB09981F264,Drive this passenger service from Nürnberg Hbf to Feucht.,
/C507823E42124D2F95993D8CD45C1080,Drive this passenger service from Nürnberg Hbf to Feucht.,
/C5BBA2EE448893D4E22A9885B100EB46,Drive this passenger service from Nürnberg Hbf to Feucht.,
/C61BD9D3424D8325E488B78F60338B50,Drive this passenger service from Nürnberg Hbf to Feucht.,
/C7D7EBDA40B918AEB6CE2D8B0CE054D5,Drive this passenger service from Nürnberg Hbf to Feucht.,
/C9A943F24D6546283ABF1795C83C8F2F,Drive this passenger service from Nürnberg Hbf to Feucht.,
/CA9D59A74EF8D34DAE7DB4BB316DB257,Drive this passenger service from Nürnberg Hbf to Feucht.,
/CBC734324C10263B74A5F18E4010DAC0,Drive this passenger service from Nürnberg Hbf to Feucht.,
/CC2BA53549CC36E714DC0497EB1EE7A5,Drive this passenger service from Nürnberg Hbf to Feucht.,
/CFEE1FCB401B9FEF6D14819371E2C965,Drive this passenger service from Nürnberg Hbf to Feucht.,
/D36443F743535B15CED8CF87F8B69B70,Drive this passenger service from Nürnberg Hbf to Feucht.,
/D4F342A14D406334815056924B088A77,Drive this passenger service from Nürnberg Hbf to Feucht.,
/D5905880435865247B284A93B4B1762C,Drive this passenger service from Nürnberg Hbf to Feucht.,
/D637A40F42007AE69CB62787B9E73B3E,Drive this passenger service from Nürnberg Hbf to Feucht.,
/E2336BDD45764234785F61B4D5A8876D,Drive this passenger service from Nürnberg Hbf to Feucht.,
/EB0C62A24011633275DD5A85A68A62C9,Drive this passenger service from Nürnberg Hbf to Feucht.,
/ECED61DB45771DAD43B7E78DC2FEFC0E,Drive this passenger service from Nürnberg Hbf to Feucht.,
/F2A8A420441F8E07C85096A28D0CBC03,Drive this passenger service from Nürnberg Hbf to Feucht.,
/F49E4A2E44A3A70199EA9A8A028A5428,Drive this passenger service from Nürnberg Hbf to Feucht.,
/F53CD1E1466DBB8459237FB87765E755,Drive this passenger service from Nürnberg Hbf to Feucht.,
/F8BC19B445A4376D4FAC11B48C36C3FC,Drive this passenger service from Nürnberg Hbf to Feucht.,
/F967F3AB44AE638F306BCEBB97D7F4CB,Drive this passenger service from Nürnberg Hbf to Feucht.,
/FA076C49436FEF3A4F96A0AE52F6DF37,Drive this passenger service from Nürnberg Hbf to Feucht.,
/FD2BB9574C7C97E29AF7F4B64D4D0145,Drive this passenger service from Nürnberg Hbf to Feucht.,
/FD86055E44A97CCBD3152384CD7D2EB6,Drive this passenger service from Nürnberg Hbf to Feucht.,
/FF75B27247C6F9AD36990694E54163ED,Drive this passenger service from Nürnberg Hbf to Feucht.,
/81BDF77140BFE7CA028EFABFC59333F2,Drive this priority freight service from Nürnberg to Ingolstadt.,
/1918F59244AEAAFA7F05EEB7921B328F,Drive this regional express to Allersberg,
/1D5704EE4B2709C204393D9A5B63DA34,Drive this regional express to Allersberg,
/63AF5C3E482E7ED0BBC446BBFEEED7A6,Drive this regional express to Allersberg,
/654FD28A47AFC09CF16C5088573CE82F,Drive this regional express to Allersberg,
/6A4E1DC347DD49F3DF2BA1AD17C7F149,Drive this regional express to Allersberg,
/6FA5002447FBF39DE9D15FAA6A1AA36F,Drive this regional express to Allersberg,
/7FB9C5BB496BD4E2F96D7596CA1233AA,Drive this regional express to Allersberg,
/A38F565C4596BB4928C40A822E9EEAC9,Drive this regional express to Allersberg,
/A51AB01F48CAC524EE225E9F53AA2C06,Drive this regional express to Allersberg,
/AB56F34B4C91B138E461A898C28A657B,Drive this regional express to Allersberg,
/AFF2F0984A7E3B9D860DF68D9D33B820,Drive this regional express to Allersberg,
/CE44A8F242C67820A312C8B7943593DA,Drive this regional express to Allersberg,
/D78D3504498E84E8E54DB79C0EE2249C,Drive this regional express to Allersberg,
/E4A86D8448618DAC02ABE391248093E8,Drive this regional express to Allersberg,
/EB5285224DC2A0D22BACA0A63C2CF9F1,Drive this regional express to Allersberg,
/12170441412F3DC30C1BB881C0180123,Drive this regional express to Nürnberg Hbf,
/2778FB654068770EBC28FC8C68B3F8E7,Drive this regional express to Nürnberg Hbf,
/3277C2754475C3984238D9B518CB7853,Drive this regional express to Nürnberg Hbf,
/6956FED042C530A9C51BF7B81055195B,Drive this regional express to Nürnberg Hbf,
/93047F9640FD0099D5BA2DA42789A449,Drive this regional express to Nürnberg Hbf,
/9FD2DB3D42A549054D5484A85164C567,Drive this regional express to Nürnberg Hbf,
/A80C8C19485B260DC41635B4D11676A0,Drive this regional express to Nürnberg Hbf,
/B1D383194527DB17BA1421ACA0C01125,Drive this regional express to Nürnberg Hbf,
/CE72D0E042D5E9EB4A3BABA92BA06117,Drive this regional express to Nürnberg Hbf,
/D37F0477429329EDDBBEF190CAC9E7CD,Drive this regional express to Nürnberg Hbf,
/D43E754741226D2B6702A889D43BDF74,Drive this regional express to Nürnberg Hbf,
/DFB11BC340EF8069118BD3AB1262C306,Drive this regional express to Nürnberg Hbf,
/E69B382341D9F55B62DCCC8D41D6CE8C,Drive this regional express to Nürnberg Hbf,
/E992E469420E72E64BB85EB7656495F3,Drive this regional express to Nürnberg Hbf,
/F46AB831458D78B455FE888FAA7BBB92,Drive this regional express to Nürnberg Hbf,
/D7343D654EEE35C917D13E8D04B71B7D,Drive this tanker train from Feucht to Nürnberg,
/2F7302744BE28DC81F23FE91C448ADFB,Drive this tanker train from Nürnberg to Feucht,
/67B582D14BEEFEE572C48E93CC90DFCF,Drive this tanker train from Nürnberg to Feucht,
/F059AD2E41E79ABE731F21924EEE1C7C,Drive this tanker train from Nürnberg to Feucht,
/3436DB6848BB2761AF50D8A8DE3463CA,ENABLE CAB,
/40EADE3C4A604167D739E7953E11B790,ENABLE CAB,
/86CCEE1F48E7C703E5ECE08B6AD1C9B0,ENABLE CAB,
/9373759B419B20F0B9412192A4168614,ENABLE CAB,
/C74190FB4FA16A5C3E7812944BB6C785,ENABLE CAB,
/D973C65043A0BDF40E9D5F940CE57409,ENABLE CAB,
/E4EA187B4885032AB0EC67A91BECD3B8,ENABLE CAB,
/6AF9AA504CE69682CE1C399510CF1BEF,ENTER BR101,
/214FC47A43DC2763F7E3A48967E1CF88,ENTER CAB,
/3B268719494BC858F0BEE3BBDF5D2DCC,EZ (51733) München Nord to Hagen Vorhalle,
/C46008A34F3BD2FE5F407C89C0F339B8,EZ (51760) Hagen Vorhalle to München Nord,
/E960AA1443D2EDB6D30D0FBA57EA97F8,Empty Stock ICE 823,
/6F9D11AA40C2ED1A07A596B7A0D975DD,Empty Stock ICE 920,
/BCE3A6D5463BB0574281FCB1EB94A522,Enable ZWS,
/EECCADF341F38FF225AA78B9B8F4238F,Enter the BR 101 first.,
/24A308FF4ED7D77734F658A3EE92B78E,Enter the car,
/5224D4A84C7E2C52F5103C8CF17D3B36,Expect the Unexpected,
/12771E374345C2A0B53E5BB3A5626BB5,Express Power,
/12FE48E24867C6E005302A9CB3AA7D82,Feucht Gleis 2,
/412FA7394D135307034CF7B68728E40E,Feucht Gleis 2,
/4B4090A946F9F0216E92B6B498CBB5F4,Feucht Gleis 2,
/689C285E4D366802AA9EABB4D15E0708,Feucht Gleis 2,
/D1D298954319DEA275BE22980B3A8DB7,Feucht Gleis 2,
/D206F5AD49F1B02A7EB06C878786CB67,Feucht Gleis 2,
/E316FD8A4B547236328EC2B180E32F7E,Feucht Gleis 2,
/E9219FB549F9323FDECEE1AAB83852CF,Feucht Gleis 2,
/04B77E1642699ADA517FEFBF6532466D,Feucht P5 - Nürnberg P2,
/7007DB0C48D99B71702767BA554B71A6,Feucht Pl 4,
/75A6D35D438F25A588C5328A83C865E7,Feucht Pl 5,
/20AFA6C34892523EAC97F9A75E208D8A,First we will head to loco on the rear to make sure it is in ZWS Mode.,
/284F6AE14214707297EC5EAA6080ED49,First we will head to loco on the rear to make sure it is in ZWS Mode.,
/EBDF381D4B5F0C307CDC4582B491ABDA,First we will head to loco on the rear to make sure it is in ZWS Mode.,
/1A034FB345A7EF0912FC639575393BFA,"Firstly, you will need to set the reverser. This controls the direction of travel and activates the cab.",
/67EB4CA845ACDE32E045D69A802A4334,"Firstly, you will need to set the reverser. This controls the direction of travel and activates the cab.",
/E7A7EBF249D84145A1EE8781FC943CE1,"Firstly, you will need to set the reverser. This controls the direction of travel and activates the cab.",
/3BD189F14AB38BD4CF14C885E63A3FC9,Fischbach Pl 1,
/4D9D0F7C4F4C8BF83FC7639F4BDD4279,Fischbach Pl 2,
/C3C030C0497F998CEFBAAD8FAF4503CF,Follow the markers to board the train,
/EFB1B42B478FB40A96DBFBB9EB0F4D80,Follow the markers to place the missing route map,
/EED279924E69C5E6EB96D8BE00642873,Follow the markers to reach your train,
/27AA67204F2F1C6F3432B0AD74B96C6A,"For the purpose of this training module, some interactive elements are locked",
/A72C2C394A46A549CB8FBDB3ED5E6204,"For the purpose of this training module, some interactive elements are locked",
/D32F0C94450B5238310771ACAD9583F5,"For the purpose of this training module, some interactive elements are locked",
/3D5687BE4F97C8464361819C38A662C7,"For this introduction, you will be driving the train a short distance and performing passenger operations. ",
/43EEA6C1491F35BB0C00C993D583C50D,"For this introduction, you will be driving the train a short distance and performing passenger operations. ",
/89A0CDC442BF4092A90E768481478720,"For this introduction, you will be driving the train a short distance and performing passenger operations. ",
/A4ECB63A44C6A1E84E269191F750D26D,"For this introduction, you will be driving the train a short distance and performing passenger operations. ",
/B824E5D84F31F38C2E22FEAFBAC028FA,"For this introduction, you will be driving the train a short distance and performing passenger operations. ",
/D020C35C47C0053D1E1EF9A0DEF5EA5C,"For this introduction, you will be driving the train a short distance and performing passenger operations. ",
/3262483542B079B7589B6E95E4A4095C,FreightIngolstadt,
/C96DFA284C512934F15544A348FD4032,FreightNurnberg,
/2645E5204610F78474A973B60122CFF7,GET MOVING,
/82B1E4684AC3887EAB72A2A2D3C514ED,GET MOVING,
/A745EB024A2E2F4E3C784ABEC62BA5B5,GET MOVING,
/AFAA91574CA700EE758EF38FDD93B414,GET MOVING,
/B862D24A4EB3174C8D6C319A4626B8EF,GET MOVING,
/E77E3E6445C8D33153674C87E06D9D72,GET MOVING,
/FF3833EF427B6F4ABA4535AAA128FC6F,GET MOVING,
/E189982746A0D50F29F10CAF3085BB04,"Go beyond the boundaries of Nahverkehr Dresden and accelerate westbound all the way to Leipzig in Train Sim World. Drive modern ICE, regional and freight traffic along the oldest long-distance railway in Germany.",
/3D2DF1EE4F19A89AA75E54B1DE78553F,Golden Hour,
/A5D6ACDF496C92057240298ED5875089,Golden Hour,
/B3B004794B54CD5F08942096C289A151,Golden Hour,
/19C626064B60534A8B1224A1BC20DEB2,Good Morning! Today your driving one of the two opening ICE3s in a paralel drive to Nuremberg!,
/31A3C23B41D63BF51422D69E72FF08AE,Good job! This completes the basic introduction for the BR 628.2.,
/535DD21B4C344252E4D7A1B094FC7C56,Good job! This completes the basic introduction for the BR 628.2.,
/196BC4B440E1EF9679D2BB99FDB3A229,"Good job, this covers the basics of the ICE 3.",
/23D6FBF147B43DFB5276608902B308A3,"Good job, this covers the basics of the ICE 3.",
/7C5F8F9441199F8E399F299B7321F447,"Good job, this covers the basics of the ICE 3.",
/1E6C2A694503A83047FE9FA35D4882DF,Good work. That concludes all of the basics of operating this cab car.,
/5417931E4981953DC1E51CA387D3CFB0,Good work. That concludes all of the basics of operating this cab car.,
/8363A12344432CDEE0793CBE959D895A,Good work. That concludes all of the basics of operating this cab car.,
/44744B914F24C426F1E03E8E705BB758,Good work. That concludes all of the basics of operating this train.,
/72BF11B74EA6CD10CDD9499DB854D8F9,Good work. That concludes all of the basics of operating this train.,
/C1B8BFE045BB4E613B27F49B8B732E2C,Good work. That concludes all of the basics of operating this train.,
/E9564CB242946E86C027D49C86D5E21A,Good work. That concludes all of the basics of operating this train.,
/C11D38C64D955AEF5149DB85DDDA3A0F,Great work! Lets see how you did.,
/23C4E4BC4E03D8ADE4ABA6B94844A40C,"Great work, let's see how you did.",
/5ECBA2894D99262236C95FA5F7243254,"Great work, let's see how you did.",
/6B18FCDC4B7F5BC18023E6872BCF4119,"Great work, let's see how you did.",
/8B23C1F44C661FD1D1567D8F7AD867BC,Great work. Now remember to slow down in time as you approach Nürnberg and keep under the speed limit as soon as it drops down to 280 km/h.,
/15A75A1A4E120B937B98EAA59F96DBA9,Great! Now we can continue our journey.,
/832881A1430B7A359E523F8435726BDE,HEADLIGHTS,
/B2354D5F4CD6A4B320F00181209D15C7,Head and Tails,
/FCD195F34262CF7891BFA8AA7192BA49,Head and Tails,
/18E28B984B60A6BD95E696A9F9121CCD,"Hello driver, today you will drive this Regional Express to Ingolstadt. The formation today is flipped so you will drive cab first. The last driver reported some minor malfunctions but nothing to worry about today.",
/6E4DA9984EB3DE83C97EC58C95C6F698,"Hello! In Celebration of 20 Year of ICE3, we are trying to set a speed record on this line for the ICE3. Try to get as fast as possible after leaving Ingolstadt Nord.",
/F74EC0624ECD18A37094499AB3818D85,Highspeed Master,
/6DF5DF904445EEEC90CB71B0A44E8373,Hold B to contact the Dispatcher,
/B6D3880D412153D25B5FBCBB63BE6DDF,Hold circle button to contact the Dispatcher,
/9BD0643A4AACE88615981395B9644937,IC,
/01BA5A9740337652B80CF3BE968EC762,ICE 1020 München Hbf - Nürnberg Hbf,
/E6E7734F47B2B2906758DA98C4D036D7,ICE 1084 München Hbf -Hamburg-Altona,
/F1FFEE234594744B23BB43906FB7DD6C,ICE 1086 München Hbf - Hamburg-Altona,
/18A6726B4F7F4D471C111E8F78CB8CF5,ICE 1180 München Hbf - Hamburg-Altona,
/095D59D14CAEC9036C640C9D81319827,ICE 1501 Lichtenfels - München Hbf,
/3E53611D4B43AA74206C7F9DC486E5B0,ICE 1511 Warndemünde - München Hbf,
/FE8F67C048B64A1778181391C2524819,ICE 1521 Dortmund - München Hbf,
/DAD9DEC04B5B0A637DBABDBBE4CF98DE,ICE 1522 München Hbf - Dortmund,
/8E091054447F6F3818C7AC950BD4F377,ICE 1581 Bremen Hbf - München Hbf,
/46C038F3453BC30C3DCFA08CAE492C06,ICE 1589 Bremen Hbf - München Hbf,
/78A85EF24CCE1A04C8DC9688C2BB61EF,ICE 1617 Berlin Gesundbrunnen - München Hbf,
/D85DB10946A55273F1C44D8B733FE1F5,ICE 1620 München Hbf - Frankfurt(Main) Hbf,
/084FB7F642AD49FB2A2279B85BFDEC3E,ICE 1625 Frankfurt(Main)Hbf Hbf - München Hbf,
/5094F7FA407BEB1EC4D6E7B1DCF6E70E,ICE 1682 München Hbf - Lübeck Hbf,
/6C1C30BF41481244E5090F85A27E1E14,ICE 1689 Hamburg-Altona - München Hbf,
/7513908943F4B9F5E957718B17236D21,ICE 1728 München Hbf - Hamburg-Altona,
/3DE9A8054E933E34100810BAEC3D7618,ICE 3 Testdrive,
/DE2031EE43AE091C06E2B8865FDF0309,ICE 3 Testdrive,
/361ED511432563C2806BAE99D2C8DACA,ICE 520 München Hbf - Frankfurt(Main),
/93B54B2B49F3F032CC6EDA9552800C29,ICE 522 München Hbf - Dortmund,
/7F5B6F1248492D22651BC8B266FA3BAC,ICE 525 Dortmund - München Hbf,
/6AC3D5324F1C7449DDA28682A0E83484,ICE 528 München Hbf - Dortmund,
/8FA7FA6A49407447EA46CC8E8540612C,ICE 535 Hamburg-Altona - München Hbf,
/BA4C133F4A462FE4A8D98FBABB011DC1,ICE 538 München Hbf - Bremen Hbf,
/A76E9391471425008C4A23B52993FC9E,ICE 581 Hamburg-Altona - München Hbf,
/F9026A0E42BC608049EC5B8C437BF722,ICE 582 München Hbf - Hamburg-Altona,
/550584DB4E037730ED9405BDCDEC6186,ICE 583 Hamburg-Altona - München Hbf,
/A3205F584D4061ADF52A63A12A590B27,ICE 584 München Hbf - Lübeck Hbf,
/AC31FB574802ACA79943B98EC6FC7D52,ICE 585 Lübeck - München Hbf,
/B63BF46440D094FE3C46F1B04341F162,ICE 586 München Hbf - Hamburg-Altona,
/6816860D44D9A52642A6E29A4B1D5781,ICE 588 München Hbf - Hamburg-Altona,
/FE67194B49C9936054C734BF3C7844D9,ICE 633 Bremen Hbf - München Hbf,
/CAFDEF3045F82F6E80F3B6B573836DDD,ICE 634 München Hbf - Bremen Hbf,
/0B1918524F0B55DBBACDA389AD9570A3,ICE 635 Bremen Hbf - München Hbf,
/354C85964C556C0E830FA59588B42E78,ICE 683 Hamburg-Altona - München Hbf,
/C1D3B39545B842809B7EEDA10A94018D,ICE 685 Hamburg-Altona - München Hbf,
/486234624F1FBF6338B009AFEDE99C95,ICE 721 Dortmund - München Hbf,
/BC8A626C4483DFCFF69B858A98A5596E,ICE 724 München Hbf - Dortmund,
/532AFE564F5A344C5971D78DF21F937B,ICE 725 Dortmund - München Hbf,
/D9897A354E2D345C8DC0298827986C5C,ICE 728 München Hbf - Dortmund,
/27E7132248CC704C5A1F91B8222F74C4,ICE 729 Dortmund - München Hbf,
/A568408E4A386ABE570739B7FC643429,ICE 776 München Hbf -BremenHbf,
/E584D7214A6AD2C6D9747E909183DAFD,ICE 781 Berlin Gesundbrunnen - München Hbf,
/964F05454826D533EF6891AD3AE39DEC,ICE 782 München Hbf -Hamburg-Altona,
/56C80343454845AB9864B4B8F33A93F0,ICE 783 Hamburg-Altona - München Hbf,
/52CB707D4C2E28A617FCCAB3B3909DB7,ICE 787 Hamburg-Altona - München Hbf,
/DCB9934144381A2645A6D780F4FD478A,ICE 788 München Hbf -Hamburg-Altona,
/9D0B360A4E6F2EAC1BDE97B9289E80DA,ICE 789 Hamburg-Altona - München Hbf,
/1D9BF29A4EFDF68AC486FA8B553090A4,ICE 820 München Hbf - Dortmund,
/8387BD8B4470C9020AF2C8A563D61B69,ICE 821 Essen - München Hbf,
/FD98A5D54B57B228DE3507AF7A441C34,ICE 822 München Hbf - Dortmund,
/7EA9D3314B428CB745C733AE1AA0E679,ICE 823 Nürnberg - München Hbf,
/ED888BBB4035D3B4CA074DB803757B53,ICE 881 Hamburg-Altona - München Hbf,
/47973D5443E643E3E15B52B98D9AEA41,ICE 882 München Hbf - Kiel Hbf,
/DDDB87A44990C0E51C7BD0940116CB7A,ICE 883 Hamburg-Altona - München Hbf,
/83ACA0414B425ECCBEE6A6B73B15FB4F,ICE 885 Hamburg-Altona - München Hbf,
/0C5FFF914E319A7E57D5F4A73072D40F,ICE 886 München Hbf - Hamburg-Altona,
/49C82233400B398683402FA9FEC179EF,ICE 888 München Hbf - Hamburg-Altona,
/9A6E5C44465E763C9F77F8B10175F6B2,ICE 889 Hamburg-Altona - München Hbf,
/2342C46841EFAE4743E3CF9BF17B9A10,ICE 920 München Hbf - Nürnberg Hbf,
/AAF5F6794340F8DEA7E099B1B2320F51,ICE 986 München Hbf - Hamburg-Altona,
/221F85D54D6154E5373B60A10A66EAA3,ICE Festival,
/019C734B450D42CECE0C4A95756CA8A0,ICE1,
/093D7373489E106DB28E109DDCACEDA4,ICE3,
/2F265A004C611ABCE8AC2AA8B19E877F,ICE3_2,
/36E0AB594013E22CD689E38F2B99F5BF,ICE3_3,
/4EBB763342486060301FF0ADF1FF4C26,ICES,
/68D5F7A047F53E51A769D780BB9034D5,ICET,
/85A494EA44CA28E061258F9F04DF3A23,INTERACTIVE ELEMENTS,
/0C45849A4B3BA66BA0E3858CDB01EB6E,"In this training module you will be learning to drive this BR 403 ICE 3, also known as the Intercity-Express 3.",
/75D90AE54A46F43BBBDF33A9813805C9,"In this training module you will be learning to drive this BR 403 ICE 3, also known as the Intercity-Express 3.",
/E06D96A54511D6BF3BBC7F9DC24D6CB6,"In this training module you will be learning to drive this BR 403 ICE 3, also known as the Intercity-Express 3.",
/01B41DCC4AAB8931365C398C9944055A,In this training module you will be taken through the operation of a 786 Bpmmbdzf DB. ,
/538570914D3DAEB0CBA434B033D9CA81,In this training module you will be taken through the operation of a 786 Bpmmbdzf DB. ,
/5BF1847748AB8DA735A0C084CEE827CC,In this training module you will be taken through the operation of a 786 Bpmmbdzf DB. ,
/8975D1AB4FCB150A89CA68A965616351,In this training module you will be taken through the operation of a 786 Bpmmbdzf DB. ,
/F589608242647A27CF71E393B27D5231,In this training module you will be taken through the operation of a 786 Bpmmbdzf DB. ,
/FAF1D1294F1CF68EDAF961A033DCC779,In this training module you will be taken through the operation of a 786 Bpmmbdzf DB. ,
/367CA66F46BB3A21F3081787B93446AC,"In this training module, you'll be learning how to drive this DB BR 101 electric locomotive.",
/4E2CE07841734039CAC3D09F78A68F2B,"In this training module, you'll be learning how to drive this DB BR 101 electric locomotive.",
/D066170343C383CBAF3A55836A9D8E3C,"In this training module, you'll be learning how to drive this DB BR 101 electric locomotive.",
/BD640E8E4B76E1FC2CA0C684A8174514,Ingolstadt Hbf Pl 2,
/8701FCF14686F62778E45B8752FDF7C5,Ingolstadt Hbf Pl 3,
/E9A52F6E48EF39897513BE8A24C267A6,Ingolstadt Hbf Pl 4,
/F6D68DA74ED64051E5126D828A37A882,Ingolstadt Hbf Pl 5,
/B8CA847C4EDB8A21C52153892F032100,Ingolstadt Nord Gleis 5,
/B7BDE6DB468D052BEE4E31A88F70BD9F,Ingolstadt Nord Pl 4,
/BBD4AABF44C04C189211BDACDCD6F61B,Ingolstadt Nord Pl 5,
/58ECCA2A405E0DB2E5984EAE9BAF69AA,Ingolstadt P2 - Portal Munich,
/8D34704A47A9BB0DB646A5B142BFD074,Ingolstadt P3 - Nürnberg P8,
/7CACF7904A784C8E05BE7ABE7EEEFDBF,Ingolstadt P5 - Nürnberg P12,
/512602CB48A8B864251378851B631704,Insert the Reverser Handle,
/DBC8CBCA48F593FD75BF7AB7BE13B1BE,Insert the Reverser Handle,
/38248AA640725C98444D7FB096E0C5BB,Insert the Reverser Handle to begin.,
/42E07C174EBC78057BA60396F7C17A5B,Insert the Reverser Handle to begin.,
/EA492E0B48AD22B820A65ABC64EA8536,Insert the Reverser Handle to begin.,
/15B4A951463394456E7E87ABE10866D2,Insert the reverser,
/55EF92534BE287248E2B5CBC5E3D995B,Insert the reverser,
/7295825744285836B0F6D8BD629B75A8,Insert the reverser,
/9E2D35264FA1B9F5CFA089B1EE27E95F,Insert the reverser,
/DD31498D46AFA780C4BB08BD139C428F,Insert the reverser,
/EC44A7604B52875850C4C6B1F76D1480,Insert the reverser,
/254CB2F7498B0F0E26C3CDB9CCA08171,Insert the reverser.,
/0E4E994B42356FD48339B193B3984F41,"It also features the RE1 between Nürnberg and Ingolstadt, which is the fastest Regional Express Line operating with trains that go up to 200km/h.",
/C40B27474AA3E155CC52CFA892D2F961,It opened in 1844 and is one of the oldest stations in Germany. Continuously growing to be one of the biggest to these days.,
/CAC4487946BC2D036ED646B5184A2121,KT (41218) Bremerhaven Hafen to Salzburg Liefering,
/696EEEE94D566608343A5F9F1D079338,KT (41219) Salzburg Liefering to Bremerhaven Hafen,
/9B1112E642DFBD1F28FECB95106F0A16,KT (41812) Wels CTT to Maschen Rbf,
/5D387665441CFD5F5B24FD845760FE13,KT (41813) Maschen Rbf to Wels CTT,
/A5C72B8A4CF1D730B50D578D52EA7068,KT (42155) Hamburg Billwerder to Verona Quadrante Europa,
/739BF379472498A95BD782B4968230B3,KT (42156) Verona Quadrante Europa to Hamburg Billwerder,
/341208B34F0DC4A8ABB6DFBEF39A0682,KT (43210) Duisburg Rheinhausen to München Riem Ubf,
/F560B87F48E9A509E4478D800017A0EF,KT (43211) München Riem Ubf to Duisburg Rheinhausen,
/C9B890934F0DCF853E302DB549707550,Keep within 400m of other ICE,
/296DAB424FA190547428159F58AF6BFC,"Keeping to speed limits is important, if you begin over-speeding, apply a small amount of braking force by moving the Brakes into the braking range.",
/4CEE0C864FB574F3297FCA98FA61E278,"Keeping to speed limits is important, if you begin over-speeding, apply a small amount of braking force by moving the Brakes into the braking range.",
/D87F4F314D83FC2B3FA988B66BD2C82F,"Keeping to speed limits is important, if you begin over-speeding, apply a small amount of braking force by moving the Brakes into the braking range.",
/82E7D1C04EFB12CCD5EAE69DE1ECC36E,"Keeping to speed limits is important, if you begin over-speeding, apply a small amount of braking force using the Train Brake.",
/BEAC1D4A4912BE8DB87FE78A496FB3A3,"Keeping to speed limits is important, if you begin over-speeding, apply a small amount of braking force using the Train Brake.",
/DE26CD2E4D61711FB2821380A56B55E0,"Keeping to speed limits is important, if you begin over-speeding, apply a small amount of braking force using the Train Brake.",
/73DF4ED342B1DAD5A69ECDB0AA093254,Kinding Pl 1,
/DE608CEC4479E7AA1C7D0AA878E7CEF7,Kinding Pl 4,
/1A21454640DC45A028F5B2A0A9E09840,Kinding Track 4,
/04E6C44346EC36EF38E6A1AFD3370E2B,LOAD PASSENGERS,
/274F43864F02A6AB3D35DBAE5B366958,LOAD PASSENGERS,
/4AC04B9148E47A1AFBFCDBB2A7887CD2,LOAD PASSENGERS,
/59101DA3462401E2A6A0AD8F45C00CBA,LOAD PASSENGERS,
/62F1EDEB48C6E3DADC4365BAA53CA264,LOAD PASSENGERS,
/95F2EFAE40E271F41FDBB1B872E93F7F,LOAD PASSENGERS,
/B144D43546A132CE57B4909A5FA6607D,LOAD PASSENGERS,
/C8CC850246493701EB9AE2B3E2D2D63D,LOAD PASSENGERS,
/CE4168614AEA60C481415CA4E6860595,LOAD PASSENGERS,
/EC1C805D497E96B505A77AB943819EB0,LOAD PASSENGERS,
/6C0D93B44855AC6FFBCD1DA4A891A3A9,Leading the Express,
/E6DBC6004018C5928E9E92AD77510831,"Learn the basics of operating the ""Red Stripe"" BR403 ICE 3 high speed train from SFS Nürnberg - Ingolstadt.",
/A0BDBF76499B6EFD9221679961B90BDD,Learn the basics of the BR 101,
/A72FEC4E4CB5A99180982C9EC26F822C,Learn the basics of the BR 403 ICE 3.,
/5ACDBFBB43077AF2C8FE97BD695DEB82,Learn the basics of the BR101.,
/56FD4FF744342C2466FA6BAF11538277,Learn the basics of the Cab Car.,
/64471EDA4F019D51890FCB929E0433B5,Learn the basics of the Münex Cab Car.,
/0DFD6CFD4127992A494C48AD7FAF633F,"Leipzig Hbf is the central terminus in Leipzig. At 83,460 square metres, it is Europe's largest railway station.",
/1DAF509A485F080E1180A8937E80B291,"Let's begin to slow down as we approach the upcoming station.",
/996CBBB5416FF1F1A87818BAAD3518F5,"Let's begin to slow down as we approach the upcoming station.",
/EF3B9B15427A49E82163ECAA7B72D059,"Let's begin to slow down as we approach the upcoming station.",
/6F1A765D4439CBBD317A3497DECD164E,"Long distance Intercity, Regional and S-Bahn train services operate here, and as of 2008, Leipzig Hbf handled an average of 120,000 passengers per day.",
/209D11C4453D065C70056BA8581C19CE,"Looks like a Route Map is missing. Let's go ahead and place this missing one while you wait.",
/D206D7A74C19245946C186BEA4E2E1DB,"Looks like a Route Map is missing. Let's go ahead and place this missing one while you wait.",
/6CCD11614B40EBE7E1E0C2AAFAA849C7,MAINTAIN SPEED,
/EEFF18BE40174AC304E2B391A579B8F8,MASTER SWITCH,
/C25A40624B3293806AC0CC90753AA51B,MOVE TO TRAIN,
/F91FE736445D972756097BB8E866E4C0,Main Loop,
/DA560CCE4F3ADF314D366582A99C6F9A,Mainline Rush Hour,
/E36C36ED47FBD09E5F6D87BCEF2B8676,Maintain a speed of 130 km/h.,
/EDD00C2848A3C2B99A758AAFA8C1FB85,Maintain a speed of 250 km/h.,
/903140F040102997FE34D29A09C545D9,Maintain a speed of 360 km/h.,
/09F26BBC42E171554B5B7BB2F1C97240,Make sure the doors are set to CLOSE BOTH DOORS,
/F76A315249DBA4F00F82E08C9F98EC75,Move the reverser into position FORWARD,
/5C2509614CD362BE1BC83BBF8022E2B2,Move the reverser to FORWARD,
/98F24F7A4F17B60705060E8B952E7221,MuNuX,
/595BEEEE45B72199108109B33D23016A,Munich airport has run out of de-icing fluids and we have to deliver it as fast as possible or the airport needs to shut down.,
/AD1F5E104373B37E9E5AD1A92DCABAF3,"Nice job, the train has safely come to a stop. You can now open the doors.",
/BF96FB084AB3B7A0BF39748E429B888A,"Nice job, the train has safely come to a stop. You can now open the doors.",
/DB4811784CAB6FA791193A8C4889FBA7,"Nice job, the train has safely come to a stop. You can now open the doors.",
/F3DBA30D47CBB49813ACA8B10B7F2689,"Nice job, the train has safely come to a stop. You can now open the doors.",
/023A111745A90E37E4003D8B0038F973,Nice work. Open the doors again to start boarding.,
/85264E52451ED8226E4368816AD8C180,Nice work. Open the doors again to start boarding.,
/8ABCB5794745D40A914F8A9D26F6DD02,Nice work. Open the doors again to start boarding.,
/7D38534E4AE0ECE114F7DFB4916FCF91,"Nice work. You have completed the speed test. Let's see how you did.",
/D9FD77CF48E8797154949E87822D2E9C,Now lets go back to the Cab Car.,
/DB6C1AC84AF6FE3B6453D0B61C8FDE46,Now lets go back to the Cab Car.,
/F5D0E52F4076F6CA3879EAA8E0FFDA30,Now lets go back to the Cab Car.,
/457581954057EF8FA33FACB947084B97,Now you can apply power and get moving.,
/4EBEB4B3404F8C495A382B93961D2273,Now you can apply power and get moving.,
/741D395143DCB34720028EA8452C5FAB,Now you can apply power and get moving.,
/587915F74665ED3C1C61918C8620A420,"Now you have the side selected, use the door release switch.",
/94B4AED648BD93D06D8D0CB0DC49B178,"Now you have the side selected, use the door release switch.",
/F77CF06D49B41C94940F9682CAC0A3EA,"Now you have the side selected, use the door release switch.",
/7D671486428B9107EFF74E94D33C4BCE,NuAllX,
/3ABA28D64A63A1DE31BC6BB438B1F8B1,Nurnberg - Ingolstadt,
/07B9D817497DACD8C4F902BF4D305CCD,Nürnberg Dutzendteich Pl 1,
/EAFA6A03414FC727E5150E81027DD04E,Nürnberg Dutzendteich Pl 2,
/760983FB4347219DA419F5A200EBA8F7,Nürnberg Dürrenhof Platform 1,
/A8B5FB5140E4AE093F5525AFA0331914,Nürnberg Dürrenhof Platform 2,
/D9739D414E0E08F7DD8E128A6F1C5729,Nürnberg Frankenstadion Pl 1,
/DA3A8FFB4D4F38CADAECB583265CC8C3,Nürnberg Frankenstadion Pl 2,
/3FE304D84B6418C0E8AD45B17CA6D574,Nürnberg Gleisshammer Pl 1,
/C6C11994436F31722A974B9787D666A1,Nürnberg Gleisshammer Pl 2,
/17570A41474150B156A037A4F41185FA,Nürnberg Hbf Pl 12,
/9F374B6F4DB3CD4ACC2034BDBC509823,Nürnberg Hbf Pl 13,
/882017454260D55A8571E3A2B49AD92F,Nürnberg Hbf Pl 2,
/F898398E484D8D1575E581928C378432,Nürnberg Hbf Pl 3,
/4D8CA7364E13892389FE2899216D8F84,Nürnberg Hbf Pl 8,
/2BD5190D4A3DF5FAB4821BB051A529F6,Nürnberg Hbf Pl 9,
/CC0882E94F700FC80A0053A39178798C,Nürnberg Hbf is the main station in the area and one of the busiest in Germany. Its also start of the oldest train route in Germany.,
/3FFF382C432486561DFCBF9254917180,Nürnberg P13 - Ingolstadt P4,
/E0BD38604B3DC6447D7A2DB34DDFA906,Nürnberg P13 - Ingolstadt P5,
/F05C01444BCA5C804DB5D5B6601F2F16,Nürnberg P3 - Feucht P4,
/1969D78446701D221DA41B9388CA6D1C,Nürnberg P9 - Ingolstadt P2,
/2F4B3B3642336988EC5D05B7E39301E2,OPEN DOOR,
/C83B196541862BDB8B748AAE40CD5986,OPENING DRIVE,
/D5BCCC044080B38C95B6558C5BC0882D,Oh no! The train is broken. Luckily we still have a loco so we have to shunt it around and couple it to the cab and continue the ride to Ingolstadt.,
/38AD55044310647E962085A5F90E47CE,"Once the signal turns green, hurry up and bring us as fast as possible to Ingolstadt but don't exceed 100 km/h.",
/451DE1F247520EE03995CC98ABDC6B5B,Open the door,
/24780050413D84DD0480EDB4CA72DE10,Open the passenger doors to allow boarding.,
/2EBFC45042B2DBBC234353A819615398,Open the passenger doors to allow boarding.,
/894E4D294B15B3BDBD5318BDE9872584,Open the passenger doors to allow boarding.,
/AA5738FA4B4CBA7493BD909D622659F2,Open the passenger doors to allow boarding.,
/AD85B8494927EA86004907A38C9FE493,Open the passenger doors to allow boarding.,
/BE65D3534A4FCD409B08D79447CA3160,Open the passenger doors to allow boarding.,
/C51882434390E2036192509241A93900,Open the passenger doors to allow boarding.,
/CE0ED4704A3D07B7091BF5A5587CC7E6,Open the passenger doors to allow boarding.,
/FB631BDD4DCD87666A562AB3F1D3ADA8,Open the passenger doors to allow boarding.,
/FB7527FF4C9EA099847B13AB1B617141,Opening Drive,
/DE684A17444F85600E2098967E699E72,"Overcome challenging conditions when things don't go quite as expected with the ICE3 and the München Nürnberg Express.",
/22102E354E6C32A219CFDE91BD3F3160,PASSENGER DOORS,
/1CF60D5D4AFB66E3A5B2BDB15B87DA30,PAUSE MENU,
/06C69CF84756EEE1D523428D316B576E,PLACE ROUTE MAP,
/06137EF6487CFCD23CB9E5880A9DDF43,PRECISION CONTROL,
/57D573A04DA1BD13CF5D3CB6F525A2C1,PZB RELEASE,
/49AEA3B048E8984993489FB9A98F5D21,Portal Munich - Ingolstadt P3,
/10D9FEC84BA9674C898B45816D1FC096,Portal_Muenchen_INBOUND,
/EDC52E9146CE846EAC48868D217B0346,Portal_Muenchen_OUTBOUND,
/13AA79DC40BDC072F5513D9381749001,Power on this locomotive is controlled by a throttle that sets the tractive effort target.,
/94731FCC43757AF930D26B81E2F05893,Power on this locomotive is controlled by a throttle that sets the tractive effort target.,
/AD3DD9A94C0C6598331E56822BCCAE44,Power on this locomotive is controlled by a throttle that sets the tractive effort target.,
/050BC2A84D1ABBA26AB68F857F621F3A,Prepare this formation for service,
/52AC0A284A522702CB6176BD12FBADD2,Prepare this formation for service,
/68873CDA4B0002AC5AAF629FE8934608,Prepare this formation for service,
/CFE6FBC44A2F1D0BFC435EB8C7449BB6,Prepare this formation for service,
/EFCFE23B40AF69C1AEFCD39F5EC5AA62,Prepare this formation for service,
/F32F257E4BB6238F24C89C837EEDBD25,Prepare this formation for service,
/0450FCBD43A590ECC7DFB58960450FFE,Prepare this formation for service.,
/7E18B4464D0016E6587F98826537D9C1,Prepare this formation for service.,
/964533474F28CF7B27372999134DD00D,Prepare this train for service,
/58A4D48448A28621879BB1B65D71CBF2,Press Ctrl + W to set the Master Switch,
/D2D4BEC64A74761189BB60A70DD46D4E,Press E to sit in any available seat,
/85E4D11C46A89FE7269A2A8645E197ED,"Press Esc to bring up the pause menu, if you miss anything",
/55B2AEA2489FFE708C9A1D80B7FACF78,"Press Menu button to bring up the pause menu, if you miss anything",
/95F2CDC94C5BEEA9374214AAC323AFDA,"Press OPTIONS button to bring up the pause menu, if you miss anything",
/4AA961E44671AABC4C1104BECAA7D969,Press Open/Close Passenger Doors Right to open them,
/B7DFA6444EC87E9BEA88ABA0D7F0F7EF,Press Right D-Pad to open the right side passenger doors,
/FAA9A4924FD3262B0F9E0CB6192D5106,Press TAB to bring up the Dispatch Menu,
/EA6B431B4AD4E470343BEF9AEBDC236D,Press Up D-Pad to set the Reverser to Forward,
/F0101CAF4D84AC85C1499BB5F085AABE,Press W to set the Reverser to Forward,
/06F7027A4D4A2444DB3AE6AA769217CE,Press Y to sit in any available seat,
/786700134C2CC6476E9D51B089BD8AF8,Press right button to open the right side passenger doors,
/4F93513F4DBB8DB30B1E9F9CDA9503B6,Press triangle button to sit in any available seat,
/19B0FBAA4796A8B4EA7081B114461D9A,Press up button to set the Reverser to Forward,
/2934481E46A7A3AFF2CFFAAD207A1E28,Proceed to the next stop unguided and see how you get on.,
/44AD898E44BE420CAE02C1BEA900E214,Proceed to the next stop unguided and see how you get on.,
/9A054DFC4309F3554E04AD80E251086F,Proceed to the next stop unguided and see how you get on.,
/EE7779324A337E012D6EB2B0B8C56726,Proceed to the next stop unguided and see how you get on.,
/6922493F4A384736A345F09445973B48,RB13,
/32C35D994E0B1B258D847CB5EE388347,RB16,
/BE0E5D644BFC6A1FF349C09C3121FD31,RB17,
/FC1F372A4AF2EEEB23C72DB2E17E5E13,RB3031,
/E6108397489A698340CDB988728C71EC,RE 1 (4000) München Hbf - Nürnberg Hbf,
/1A5FAEA942FEDEE9463D7B980CF79E18,RE 1 (4001) Nürnberg Hbf - München Hbf,
/0BE9EAED41C089D8BE2ABA95F40078B0,RE 1 (4002) München Hbf - Nürnberg Hbf,
/791789C84EE5EBC9AD390CB2D45AB563,RE 1 (4003) Nürnberg Hbf - München Hbf,
/861300804431587032C1758CF3DA599F,RE 1 (4004) München Hbf - Nürnberg Hbf,
/F069697D4B077BA9E5B82791906EA532,RE 1 (4005) Nürnberg Hbf - München Hbf,
/98125ED047783396A6F8C894D891A741,RE 1 (4006) München Hbf - Nürnberg Hbf,
/0C111C184676007DD763B6B9FBF50D5C,RE 1 (4007) Nürnberg Hbf - München Hbf,
/0FED23524C1C0DBB60DEC98CEA5D88B2,RE 1 (4008) München Hbf - Nürnberg Hbf,
/11B738A04F7FC55F4ECD849DBDB94CF4,RE 1 (4009) Nürnberg Hbf - München Hbf,
/777287D347E99786C40FEB8C494944E1,RE 1 (4010) München Hbf - Nürnberg Hbf,
/922E906F4DBAA89A767EA7B14A5D6D04,RE 1 (4011) Nürnberg Hbf - München Hbf,
/9446EAB74B1B00EF9C23B1BEBEF1383D,RE 1 (4012) München Hbf - Nürnberg Hbf,
/7F42182648977A18827682844A68E6CA,RE 1 (4013) Nürnberg Hbf - München Hbf,
/F93AF50443BF727B8ACB04B7E1754902,RE 1 (4014) München Hbf - Nürnberg Hbf,
/1609450B4AF39AAFFBFEDBB8E9BF5424,RE 1 (4015) Nürnberg Hbf - München Hbf,
/81C9664C4849685933C27ABA1B13AD67,RE 1 (4016) München Hbf - Nürnberg Hbf,
/567D673E44845C31700B3D80B3C1905C,RE 1 (4017) Nürnberg Hbf - München Hbf,
/292117924D45AFF3FE9172A5A3EB265D,RE 1 (4018) München Hbf - Nürnberg Hbf,
/2FC0383B40956E5CBAAED6B6E18955CD,RE 1 (4019) Nürnberg Hbf - München Hbf,
/1EC5BBCA4198913302EFDB8D6DFFD15F,RE 1 (4021) Nürnberg Hbf - München Hbf,
/EA097CFA4189CFE1BAC68BAD6303BF82,RE 1 (4023) Nürnberg Hbf - München Hbf,
/67B678264FC26CFA742376A1744465F8,RE 9 (5000) Nürnberg Hbf - Allersberg,
/7FCB7D124C4FCB83867C488193E3BED0,RE 9 (5001) Allersberg - Nürnberg Hbf,
/0150872E448F0B471EB4608180718AA0,RE 9 (5002) Nürnberg Hbf - Allersberg,
/EF6AF8FF441E022DC2CA4C8EA248D6C9,RE 9 (5003) Allersberg - Nürnberg Hbf,
/DBC1E56349BF1583E84B58BE68EFB730,RE 9 (5004) Nürnberg Hbf - Allersberg,
/0018A3034B66B4DD4FC771B28B81D570,RE 9 (5005) Allersberg - Nürnberg Hbf,
/2D8BAFC942F4B5FF1F49B7A2047AA9E5,RE 9 (5006) Nürnberg Hbf - Allersberg,
/00FE53A1438E8062646638AA9DD29286,RE 9 (5007) Allersberg - Nürnberg Hbf,
/5332E0F243A62CA8C7287AA960743378,RE 9 (5008) Nürnberg Hbf - Allersberg,
/09AA57184B7EBAF182AB398BD46E62F4,RE 9 (5009) Allersberg - Nürnberg Hbf,
/1FC8680742ACDA12EB9E0FA3EE319C6F,RE 9 (5010) Nürnberg Hbf - Allersberg,
/B541E5E14F2A1D929BD1F2B1A172BF74,RE 9 (5011) Allersberg - Nürnberg Hbf,
/7A5EF50E4F7925026D1516B5BA073F76,RE 9 (5012) Nürnberg Hbf - Allersberg,
/6AAD11C0407C2E6E3A42409F1E727CA7,RE 9 (5013) Allersberg - Nürnberg Hbf,
/4148DB944C358B3461315B8DAD29EE4F,RE 9 (5014) Nürnberg Hbf - Allersberg,
/EE28B2A54A57D387DF1852A55F4AC1A2,RE 9 (5015) Allersberg - Nürnberg Hbf,
/162984854E56E9DA474688AA4E983E14,RE 9 (5016) Nürnberg Hbf - Allersberg,
/9755832D4877D197F2BC4F8974498CA9,RE 9 (5017) Allersberg - Nürnberg Hbf,
/9AD290D74218CFD12A593D8FE7F57EA4,RE 9 (5018) Nürnberg Hbf - Allersberg,
/2227955D4C17AC7E42CAA1A57D6DA22E,RE 9 (5019) Allersberg - Nürnberg Hbf,
/2CBBF40943E559EB49613BA1D4B10F19,RE 9 (5020) Nürnberg Hbf - Allersberg,
/02AE54F64E750F516BCB99819991C0BC,RE 9 (5021) Allersberg - Nürnberg Hbf,
/8CD86C874E73B81E1214B7992BED691F,RE 9 (5022) Nürnberg Hbf - Allersberg,
/46C542194E0D171B4B47CA8121CA37C4,RE 9 (5023) Allersberg - Nürnberg Hbf,
/B0ABC3CE41EE05E4151445B850038282,RE 9 (5024) Nürnberg Hbf - Allersberg,
/D73944E54243006211F79C939AD6121E,RE 9 (5025) Allersberg - Nürnberg Hbf,
/BD6C997D46DBCF6C7DF96183D3F27796,RE 9 (5026) Nürnberg Hbf - Allersberg,
/73E3DB7843FA80B88AD64E90F1CFC566,RE 9 (5027) Allersberg - Nürnberg Hbf,
/7DEC7BAF45DCB6B3A62F2B83A54E46CF,RE 9 (5028) Nürnberg Hbf - Allersberg,
/8EADE4EB4481B581C331DAAB18D22095,RE 9 (5029) Allersberg - Nürnberg Hbf,
/B12185654FEA53809589E08A5D0A0B77,RE1 (4025) Empty Depot Move - Shunting in Nürnberg Hbf,
/96A19F324FE140038649A69BE78BCA51,RE1 (4027) Empty Depot Move - Shunting in Nürnberg Hbf,
/CE1A3872480757F2AE7B409FBC1CD990,RE50,
/181763FC48BED366C51764B16D754205,RE9 (5030) Empty stock - Shunting in Nürnberg Hbf,
/1B6F9BE64F6BC3A5B74E21986CB988B8,RE9 (5031) Empty stock - Shunting in Nürnberg Hbf,
/80B790E0475C79D6C04C0A82820EC9C3,RE9 (5032) Empty stock - Shunting in Nürnberg Hbf,
/3F74666F41F906D75E96BB8E216F345A,RE9 (5033) Empty stock - Shunting in Nürnberg Hbf,
/8F45C69942E83FE621E9A4B871CD696C,RE9 (5034) Empty stock - Shunting in Nürnberg Hbf,
/504A5CF244756DD894545A8ADFAD753C,RE9 (5035) Empty stock - Shunting in Nürnberg Hbf,
/0896E81E4F743DE4F481DB98051730C5,REACH SPEED,
/34CAAA184C7E25CFEA6C48802BCD556B,REACH SPEED,
/57250B4E49AC63FD95A3DB852BC22449,REACH SPEED,
/7C71253641FB383E1697BCA7B47821C3,REACH SPEED,
/C4A61EAF46B935D91A80F1A5CB697557,REACH SPEED,
/E48539C24427FA7BE0167FB648F095E2,REACH SPEED,
/D91981364AE5738AE157479FF66D7A5A,RELEASE BRAKES,
/0794DB8146C0131A5C68BBBBD3B6FEDE,REVERSER,
/149675BF4870B2FBDDB2C0961353020C,REVERSER,
/205BC98545266F6E26E006834D2E8B4E,REVERSER,
/34598294492A3A73432219B800162C63,REVERSER,
/4940D9814061EE788868FCAA1436B90D,REVERSER,
/63C562204CE1AFD9CB071293D35DF286,REVERSER,
/65005777484BC86E8DE2A8B9D6CA1975,REVERSER,
/94049B1C4703B730E6408CAC75C35048,REVERSER,
/CF35E9CB45F0A4DAB9591EBFD7A1C3D7,REVERSER,
/DD911DAE4CB4064CC275C99B60106DAE,REVERSER,
/17E547E040492975BE193BB2FF344B54,"Rather than having a power car like the ICE 1 & 2, the ICE 3 has underfloor motors throughout. This means passengers can be seated in the entire length of the train.",
/2D0455684E02750A8F26BEA833D22B9F,"Rather than having a power car like the ICE 1 & 2, the ICE 3 has underfloor motors throughout. This means passengers can be seated in the entire length of the train.",
/DABAEC9548009FA534B264ADBC6DE869,"Rather than having a power car like the ICE 1 & 2, the ICE 3 has underfloor motors throughout. This means passengers can be seated in the entire length of the train.",
/71F0C7E648EF9DBB03A5F1B190FD0C83,Reach 50 km/h,
/CB6F45224FAECCAA96BBEDABF2E3AED9,Reach 50 km/h,
/6C020380469B4174C7BCBEAEE8ECCF2C,Release the brakes and prepare to depart the station.,
/AD88F7A4499BEDCC9B5A6C84F573730B,Release the brakes and prepare to depart the station.,
/B941A2084AD80DBDB212E28B8BCF04C2,Release the brakes and prepare to depart the station.,
/3045B9054F4B9FFAD46BEDB1404F0E99,Release the brakes.,
/60877E9B477643993C89D9B91AEACF05,Release the brakes.,
/74E98C35422783A6E8F35B90276F25C1,Release the brakes.,
/ECB0D34D42C926F6B6559A97B7AA0DA6,Release the brakes.,
/14DD676B48DF965EFC7B02A1EFAFA0DB,Remove the reverser,
/7C3E55D14DC8A42CC0E2468B8A03804F,Remove the reverser,
/BC73D9114EA9B85E32DDCD9B1BDC429D,Remove the reverser,
/04531D194DF9F8A07748AA8C3005E510,S2 Altdorf(b Nürnberg) to Roth,
/0A55A95B46ABF1DEECF2348113EDACB7,S2 Altdorf(b Nürnberg) to Roth,
/149A46C7461CEB2D427E168C8518B7F7,S2 Altdorf(b Nürnberg) to Roth,
/15ABE00B462458D91619A4B55CC5D715,S2 Altdorf(b Nürnberg) to Roth,
/17342AEC40360B7925F339B0B6B00D43,S2 Altdorf(b Nürnberg) to Roth,
/1AA465104EAEFF68AFD33083FDEFFC38,S2 Altdorf(b Nürnberg) to Roth,
/1C99EAC14950E0A1D93EE9A69A9F80CE,S2 Altdorf(b Nürnberg) to Roth,
/1D0E817D4BE814F5D7089DBFEAAD7033,S2 Altdorf(b Nürnberg) to Roth,
/1FB0E136449B4A50365B7495B0746F96,S2 Altdorf(b Nürnberg) to Roth,
/23CDBDD446848387EEFCE68C5BD3E5B0,S2 Altdorf(b Nürnberg) to Roth,
/254BDC2A4FD1F16A56E8FC84E1C07675,S2 Altdorf(b Nürnberg) to Roth,
/29EE0C5A4FE713D39AEFEF89B3266DCD,S2 Altdorf(b Nürnberg) to Roth,
/3077D37645518EAAA361919E199B0A40,S2 Altdorf(b Nürnberg) to Roth,
/33B4D2CE4BFEBF08E4C6E2BAAFD59665,S2 Altdorf(b Nürnberg) to Roth,
/3554C2164954543CB1EF1994324246AA,S2 Altdorf(b Nürnberg) to Roth,
/3A29C7F6432B34D96247CEB29A7391E3,S2 Altdorf(b Nürnberg) to Roth,
/3D9264154BEEA2AF8221FEA12725EDFC,S2 Altdorf(b Nürnberg) to Roth,
/4873D15D4ED9C1BF89B72E9A2871B48E,S2 Altdorf(b Nürnberg) to Roth,
/49D746164905A61FF1BCBAB46F2EF96E,S2 Altdorf(b Nürnberg) to Roth,
/524C7E57419A339E8EC969911B5CDD5F,S2 Altdorf(b Nürnberg) to Roth,
/5C050507415C8229B0BF19895CCD53B1,S2 Altdorf(b Nürnberg) to Roth,
/5DF2F5E24B1BD7518C2EFBABA4BB0611,S2 Altdorf(b Nürnberg) to Roth,
/612E4BED44D9ED9EBCE8BFBC0DA8D5B6,S2 Altdorf(b Nürnberg) to Roth,
/6E5B0611486EE8CCAA0DD0ACA556AA2C,S2 Altdorf(b Nürnberg) to Roth,
/6E91CA8844C0CC29509711BC79B17743,S2 Altdorf(b Nürnberg) to Roth,
/6F2A437846E54522622FDBA580C5B289,S2 Altdorf(b Nürnberg) to Roth,
/73C4A97D45483B72E1E8FD94424EF30F,S2 Altdorf(b Nürnberg) to Roth,
/788F9A5B436C1091D45478BABDEF57C1,S2 Altdorf(b Nürnberg) to Roth,
/7E29B4F7491E25EE1CB161A29FBA4411,S2 Altdorf(b Nürnberg) to Roth,
/80D2927644F349401521E7916DA16D37,S2 Altdorf(b Nürnberg) to Roth,
/891AE179406DECE460CEC5B03FBB7086,S2 Altdorf(b Nürnberg) to Roth,
/8EAAA7084B119B1B92FD45A01A4A33A2,S2 Altdorf(b Nürnberg) to Roth,
/8EBAE9B94DBF6419F3E3F98C53E43B28,S2 Altdorf(b Nürnberg) to Roth,
/946BE32146B9F67CEBE2D9A20C05E2DD,S2 Altdorf(b Nürnberg) to Roth,
/993C5D1A48B94A8B21D7E48B4C4E153B,S2 Altdorf(b Nürnberg) to Roth,
/99754516446590898517C49E0A6FFAB3,S2 Altdorf(b Nürnberg) to Roth,
/9AB258C84B07AD9FBA8D6AADB7494A06,S2 Altdorf(b Nürnberg) to Roth,
/9E7EE48A45D08FCF0D1359A11E40E8CE,S2 Altdorf(b Nürnberg) to Roth,
/AA98C5534E560675C402AF98B9A72CCB,S2 Altdorf(b Nürnberg) to Roth,
/AB4628E3421647A5E7FE54BBCAB23B2E,S2 Altdorf(b Nürnberg) to Roth,
/B2AB2B1A4C4BD31B9D6B4AB3501C2F36,S2 Altdorf(b Nürnberg) to Roth,
/B394B858477189FC38C7A3AEBDA39AA4,S2 Altdorf(b Nürnberg) to Roth,
/BFE3C10841DDA2F1325D28B8BC179B04,S2 Altdorf(b Nürnberg) to Roth,
/C6013AFD4037893D097B199B3376C4C4,S2 Altdorf(b Nürnberg) to Roth,
/C72B36B742C837D7FF08989050F42660,S2 Altdorf(b Nürnberg) to Roth,
/CCD285FC4074992F04C20AB2D1CF953E,S2 Altdorf(b Nürnberg) to Roth,
/DAC32BD94725C6529F1E028BD5682BEB,S2 Altdorf(b Nürnberg) to Roth,
/E778FC93407AB68B103C0DBFD83272F3,S2 Altdorf(b Nürnberg) to Roth,
/ECBFAF534B03F2C5F940109D56AE2195,S2 Altdorf(b Nürnberg) to Roth,
/ED258DC74066E1CC7372D29AF378D448,S2 Altdorf(b Nürnberg) to Roth,
/EF11CCC040094011AB84E0A12B826617,S2 Altdorf(b Nürnberg) to Roth,
/F036EC8F4E8365E259D7A5AD24066480,S2 Altdorf(b Nürnberg) to Roth,
/F1D7EEFF440F7EE55DBF649D7EE20DF6,S2 Altdorf(b Nürnberg) to Roth,
/F8CE12AB491F9339CB7A1DADE000A717,S2 Altdorf(b Nürnberg) to Roth,
/F9276FDD4DBC32BCB5F78DA497C06A97,S2 Altdorf(b Nürnberg) to Roth,
/F950B2A140332C936825C7AABFEDBF22,S2 Altdorf(b Nürnberg) to Roth,
/FB54272A49D2223D2F843184E34C1B8A,S2 Altdorf(b Nürnberg) to Roth,
/FB8815F24530C32D065F8B8AB31F044E,S2 Altdorf(b Nürnberg) to Roth,
/FE0379334E0A93FD42AF9ABD9F21D0D3,S2 Altdorf(b Nürnberg) to Roth,
/3F3E903442F0B374F8C730A8CE38A91B,S2 Empty depot move - Shunting in Nürnberg Hbf,
/010A19E14DAB188E7F0A8A9266273E6F,S2 Roth to Altdorf(b Nürnberg),
/0903C7914548C724950E6486BEB7A9CE,S2 Roth to Altdorf(b Nürnberg),
/0DD639A24217E772709A95A210496237,S2 Roth to Altdorf(b Nürnberg),
/178593FE44931BB2B35EE4AD9D5CB61D,S2 Roth to Altdorf(b Nürnberg),
/192356694D21D786238BAB86C02E6700,S2 Roth to Altdorf(b Nürnberg),
/1AE8E36A4025791CBB37CC9505872B37,S2 Roth to Altdorf(b Nürnberg),
/20495A1F4387D4121597B98688D24EE0,S2 Roth to Altdorf(b Nürnberg),
/2219CD894FE23DF992F5E48F4E29BE16,S2 Roth to Altdorf(b Nürnberg),
/261E0C6843DF0102067E0499312D9E6D,S2 Roth to Altdorf(b Nürnberg),
/287EEE144A2EEFC50EDB3F8EDF08FD97,S2 Roth to Altdorf(b Nürnberg),
/2A45B5414208DB8C92503EB111C152E8,S2 Roth to Altdorf(b Nürnberg),
/34B35046457C93F32FFCEE87F597204E,S2 Roth to Altdorf(b Nürnberg),
/3AC1C90C42039C227229F39EC7C11CA6,S2 Roth to Altdorf(b Nürnberg),
/482EBA7245C04107129BBD8AAB77173D,S2 Roth to Altdorf(b Nürnberg),
/49E4F3FC4CD06BA96A9AC681469F4609,S2 Roth to Altdorf(b Nürnberg),
/4C22F01241D787A4E525A0B657770FEA,S2 Roth to Altdorf(b Nürnberg),
/52D15D0D456158F66DEB2EA03E1597AA,S2 Roth to Altdorf(b Nürnberg),
/5DC9F9A847417A88EA526C9F4E335B5B,S2 Roth to Altdorf(b Nürnberg),
/5F27825945F20227B6D05BA54B4EC5A3,S2 Roth to Altdorf(b Nürnberg),
/67784FFA4C0636980FBB6CA9A6045F97,S2 Roth to Altdorf(b Nürnberg),
/6F9616E648F941876641B9A0C8E707AD,S2 Roth to Altdorf(b Nürnberg),
/706F66DC4CA33AA3C0B339A748605EDF,S2 Roth to Altdorf(b Nürnberg),
/7CCD0F7445951E255DB7E3A059BF00CB,S2 Roth to Altdorf(b Nürnberg),
/7F0DCA944BB3322EDBCD51A399B0777C,S2 Roth to Altdorf(b Nürnberg),
/833C713549A628AE5326DFB61BFE590F,S2 Roth to Altdorf(b Nürnberg),
/87C12B5749968E7895EAA9A30FE9D2E0,S2 Roth to Altdorf(b Nürnberg),
/8E910E2B47F1E82AEA2CA78093C87740,S2 Roth to Altdorf(b Nürnberg),
/90C6F5A74A8C43EB0A6CF08A4A41D63A,S2 Roth to Altdorf(b Nürnberg),
/96329FBB4F02E5C28C5E51AE8E791DA8,S2 Roth to Altdorf(b Nürnberg),
/9D9BAD224226A2431CE30993A75D43BF,S2 Roth to Altdorf(b Nürnberg),
/9E3676404BAEC0B31D34A1A5244A187A,S2 Roth to Altdorf(b Nürnberg),
/9EE2866840F916AD41B437A1921FEFA9,S2 Roth to Altdorf(b Nürnberg),
/A35087BC42C9C8E3A48D15BDF888246C,S2 Roth to Altdorf(b Nürnberg),
/A4391AA342824C11F62021B9F913B981,S2 Roth to Altdorf(b Nürnberg),
/AE8C654D4508F5703FD7139607D57D7A,S2 Roth to Altdorf(b Nürnberg),
/B65A466D436FE25D08A328B1B8839323,S2 Roth to Altdorf(b Nürnberg),
/BE0A21A74C07FACDEF6C2B827A96E71E,S2 Roth to Altdorf(b Nürnberg),
/C2BCFCF24E7000EB2E12DE8C5AAF8E52,S2 Roth to Altdorf(b Nürnberg),
/C35AA9CF44443B40716E6B9F6F333807,S2 Roth to Altdorf(b Nürnberg),
/C6F11FED4A00AC9807390EBD89B53E3B,S2 Roth to Altdorf(b Nürnberg),
/C85C7C214122F8D3E4170499CFEA47C0,S2 Roth to Altdorf(b Nürnberg),
/CAD3F2F34C7196D4770B6586E982180D,S2 Roth to Altdorf(b Nürnberg),
/D0E4B62043B617FD6202149A69B19A8C,S2 Roth to Altdorf(b Nürnberg),
/D3102DA44EF1C6FB9F4EF483E579B666,S2 Roth to Altdorf(b Nürnberg),
/D6DB3A9F4586C4574D07519810B88E8E,S2 Roth to Altdorf(b Nürnberg),
/D72FCF3042E2B10CAAE2FDBB91F714EE,S2 Roth to Altdorf(b Nürnberg),
/DD084DCD4CE083D30DEC099423CD935C,S2 Roth to Altdorf(b Nürnberg),
/E0571D1249B93EF00971D5AEE341331A,S2 Roth to Altdorf(b Nürnberg),
/E639F8A44E6AA8D7707E5CA3B90537BB,S2 Roth to Altdorf(b Nürnberg),
/E76EF63644B1E826441D3582583C29FF,S2 Roth to Altdorf(b Nürnberg),
/E828CAE246289CAD0F86BCA16A22407B,S2 Roth to Altdorf(b Nürnberg),
/E8B2177D4AD270E9388AF083909636BD,S2 Roth to Altdorf(b Nürnberg),
/EACF821C46A0324301B6759F47ED6827,S2 Roth to Altdorf(b Nürnberg),
/EB756ECB477A918DB0D564B38524B81C,S2 Roth to Altdorf(b Nürnberg),
/ED1092E2450B7EAAF23F6387F6BC486C,S2 Roth to Altdorf(b Nürnberg),
/EF3E10574AA4E72CA502F3BBE295356E,S2 Roth to Altdorf(b Nürnberg),
/FE49A23F436F29A9F4C6B289C8DD7C65,S2 Roth to Altdorf(b Nürnberg),
/FF3A4C9A48D988387D675AB795C0039F,S2 Roth to Altdorf(b Nürnberg),
/1F9D26C443622B816884B2973127398D,S3 Empty stock - Shunting in Nürnberg Hbf,
/51BB5E5A448E6C1D00F35B824AEC3D6C,S3 Empty stock - Shunting in Nürnberg Hbf,
/583BA38F4662F052A850A99FFA9C93E9,S3 Empty stock - Shunting in Nürnberg Hbf,
/B98F44924D68CBE6BBCCCB8616F3EC64,S3 Empty stock - Shunting in Nürnberg Hbf,
/FADA01E54C16EC58436E6DAF34D832AC,S3 Empty stock - Shunting in Nürnberg Hbf,
/D579DA3542D61EC7B53B0D8A6232C22C,S3 Empty stock-Shunting in Nürnberg Hbf,
/00E0AB3E442B293E397A098F66D5D0E5,S3 Neumarkt(Oberpf) to Nürnberg(Hbf),
/0CB1D5EA43C1508ECC9640AF3660C977,S3 Neumarkt(Oberpf) to Nürnberg(Hbf),
/0FB3D9C44466C4DE1A8928948D940209,S3 Neumarkt(Oberpf) to Nürnberg(Hbf),
/155AEFA943657E077BBAA2976592C2AB,S3 Neumarkt(Oberpf) to Nürnberg(Hbf),
/156BEF2C482B99E43C8573BF23E2EE4A,S3 Neumarkt(Oberpf) to Nürnberg(Hbf),
/2184E4984BBEA3A1BCE611822E61703C,S3 Neumarkt(Oberpf) to Nürnberg(Hbf),
/21EEF26147F5E0841F4E51BF6ADA8AAC,S3 Neumarkt(Oberpf) to Nürnberg(Hbf),
/22C5335840BDCD24BCB1DEB13747EF36,S3 Neumarkt(Oberpf) to Nürnberg(Hbf),
/22E3FA294C012747354C639415D672FC,S3 Neumarkt(Oberpf) to Nürnberg(Hbf),
/2C1CF24C48AD2054DAFD56977A703527,S3 Neumarkt(Oberpf) to Nürnberg(Hbf),
/2E0F6F71445978B9E997989E063B2E04,S3 Neumarkt(Oberpf) to Nürnberg(Hbf),
/30FD157040B37D133B962D997ED66BC5,S3 Neumarkt(Oberpf) to Nürnberg(Hbf),
/3B4AF0FD40E58E185D07E6828F5EFCA6,S3 Neumarkt(Oberpf) to Nürnberg(Hbf),
/4BC93E964B0B7F13AF7D1F8CC87BE10B,S3 Neumarkt(Oberpf) to Nürnberg(Hbf),
/4D4409D24DFBC9501EF90E9087CB0A0F,S3 Neumarkt(Oberpf) to Nürnberg(Hbf),
/4EB061AF43B3AF43B14EDBA82211AA33,S3 Neumarkt(Oberpf) to Nürnberg(Hbf),
/4EF692F64FB9C44BF487F1AA584E953E,S3 Neumarkt(Oberpf) to Nürnberg(Hbf),
/526C6C504ADB6924C16F20AD1BB13F19,S3 Neumarkt(Oberpf) to Nürnberg(Hbf),
/533D75F74C9BFA1E78C5B5B07BC4F93C,S3 Neumarkt(Oberpf) to Nürnberg(Hbf),
/55EE867146A9481D2F5066B61C01B3FC,S3 Neumarkt(Oberpf) to Nürnberg(Hbf),
/5A9657DE4426249E4F2366BE05308288,S3 Neumarkt(Oberpf) to Nürnberg(Hbf),
/5E5E0C79497DA91FE5247A8069F817CC,S3 Neumarkt(Oberpf) to Nürnberg(Hbf),
/5F2ADCC746EE5EAE3D6E9A9D8E03A6AF,S3 Neumarkt(Oberpf) to Nürnberg(Hbf),
/6BCB4F6D4CFFD7EEFE5339B6D759E425,S3 Neumarkt(Oberpf) to Nürnberg(Hbf),
/6F8C050E43B23DFAB1EF56B3BBB8758C,S3 Neumarkt(Oberpf) to Nürnberg(Hbf),
/852E472C4B8E185B01E5C184F348530B,S3 Neumarkt(Oberpf) to Nürnberg(Hbf),
/8C2C2ED9471B8BD2C75545BA0BB5C27B,S3 Neumarkt(Oberpf) to Nürnberg(Hbf),
/91D690FD4E64F0778279BB876DFA365B,S3 Neumarkt(Oberpf) to Nürnberg(Hbf),
/9E3A5C6D4C6F8D3FB0F747B126F83FC9,S3 Neumarkt(Oberpf) to Nürnberg(Hbf),
/A3B0033E47581C07DBD478880C71F586,S3 Neumarkt(Oberpf) to Nürnberg(Hbf),
/A3D39C57430D98B9A6BC93A340428001,S3 Neumarkt(Oberpf) to Nürnberg(Hbf),
/B4219BB04F39204C04B5BC820054D688,S3 Neumarkt(Oberpf) to Nürnberg(Hbf),
/B8FA4DB0407859AC30EB6DB65EAB0FD2,S3 Neumarkt(Oberpf) to Nürnberg(Hbf),
/BA226B0D459B510DB6C88F8B56343807,S3 Neumarkt(Oberpf) to Nürnberg(Hbf),
/C0F4836F440BA652F0B28E935BC75C73,S3 Neumarkt(Oberpf) to Nürnberg(Hbf),
/C1E53F254758FF930AA6139A534FFC65,S3 Neumarkt(Oberpf) to Nürnberg(Hbf),
/D5E624644795428AFCB3C48ABCCE9B37,S3 Neumarkt(Oberpf) to Nürnberg(Hbf),
/DE67BF394580BB7CB928E5A03F21415C,S3 Neumarkt(Oberpf) to Nürnberg(Hbf),
/DEDA85B540A9DA720C1410BCA7563F15,S3 Neumarkt(Oberpf) to Nürnberg(Hbf),
/E23DD5CB4F8BE4B16B2B56AF57A11599,S3 Neumarkt(Oberpf) to Nürnberg(Hbf),
/E29FD3CA48C13D89E933A9B10C6069A7,S3 Neumarkt(Oberpf) to Nürnberg(Hbf),
/EB31242042C31FE9DE0092B1EE6789AE,S3 Neumarkt(Oberpf) to Nürnberg(Hbf),
/EB8568A64C2BD5F9D92F9A98CFC1A893,S3 Neumarkt(Oberpf) to Nürnberg(Hbf),
/ED0C25B54939BEE0136ABD9718669A8E,S3 Neumarkt(Oberpf) to Nürnberg(Hbf),
/F1F774E441C467BBE15BA894D6E106C0,S3 Neumarkt(Oberpf) to Nürnberg(Hbf),
/FE1B9FB948B9937C9033BEB59C53EA55,S3 Neumarkt(Oberpf) to Nürnberg(Hbf),
/01139E614EDC60348CC712B7412AC35C,S3 Nürnberg(Hbf) to Neumarkt(Oberpf),
/05CAE4404F109476CD77FFA5D5DBF809,S3 Nürnberg(Hbf) to Neumarkt(Oberpf),
/10E9B16C4856E59D754093950B9C6762,S3 Nürnberg(Hbf) to Neumarkt(Oberpf),
/137C084347DFC38F5AADD1A95E924E00,S3 Nürnberg(Hbf) to Neumarkt(Oberpf),
/18A42652444CC1E5FC26668AF5010403,S3 Nürnberg(Hbf) to Neumarkt(Oberpf),
/20B8576445903C706826A788055D6C74,S3 Nürnberg(Hbf) to Neumarkt(Oberpf),
/20CC40924E1D7F7EC89B3E86EA500A0E,S3 Nürnberg(Hbf) to Neumarkt(Oberpf),
/2328D64240B06974E04196973D6104DF,S3 Nürnberg(Hbf) to Neumarkt(Oberpf),
/2C8C2A534B52805C59265D92EF30E5E0,S3 Nürnberg(Hbf) to Neumarkt(Oberpf),
/329AE999457D01857628A49C87E4BB53,S3 Nürnberg(Hbf) to Neumarkt(Oberpf),
/33FA6A2745AAEB6387CCE5A14D3C0050,S3 Nürnberg(Hbf) to Neumarkt(Oberpf),
/38373EB548C24E9FC76AF593210BD8FB,S3 Nürnberg(Hbf) to Neumarkt(Oberpf),
/3B0323A94C97758138685EA11B58755B,S3 Nürnberg(Hbf) to Neumarkt(Oberpf),
/3B76443341EFF167B41290A5C26BDA6C,S3 Nürnberg(Hbf) to Neumarkt(Oberpf),
/4286CEF140195CB3FA01E0B3E5C776DC,S3 Nürnberg(Hbf) to Neumarkt(Oberpf),
/47C57C2E43BB2382FA7044B4C153152E,S3 Nürnberg(Hbf) to Neumarkt(Oberpf),
/4825511C487A1FD7A633EDAD64AE45E4,S3 Nürnberg(Hbf) to Neumarkt(Oberpf),
/54A8849A45E1E742D0B16684A05DBD54,S3 Nürnberg(Hbf) to Neumarkt(Oberpf),
/557FE8584E9799B13309738051F5206B,S3 Nürnberg(Hbf) to Neumarkt(Oberpf),
/5C3E955A4CBD62B6B7B0B1B15038A8CC,S3 Nürnberg(Hbf) to Neumarkt(Oberpf),
/5FD924A74D52F38A3329F291D01BE557,S3 Nürnberg(Hbf) to Neumarkt(Oberpf),
/60B3AF9A47DE32F335B169B04BBED66C,S3 Nürnberg(Hbf) to Neumarkt(Oberpf),
/6140DEE34B7DEC05093645A17AF0DEE0,S3 Nürnberg(Hbf) to Neumarkt(Oberpf),
/6A3336CC42E8DEE72D94CD84020E4B23,S3 Nürnberg(Hbf) to Neumarkt(Oberpf),
/6E8F1C0C4DC3AC16021C3095758FB6C7,S3 Nürnberg(Hbf) to Neumarkt(Oberpf),
/700E7E7C4D5F6F6E5853149CFC0A6232,S3 Nürnberg(Hbf) to Neumarkt(Oberpf),
/805A2A1246BB281C68C364BBB89CC12E,S3 Nürnberg(Hbf) to Neumarkt(Oberpf),
/8A7DDD6A4050F5FBA5F8C59574458555,S3 Nürnberg(Hbf) to Neumarkt(Oberpf),
/8C7789AF4E2B954A7FC37F942C0E0C86,S3 Nürnberg(Hbf) to Neumarkt(Oberpf),
/A517D3E348A3FB248B95A2ABBF5A7672,S3 Nürnberg(Hbf) to Neumarkt(Oberpf),
/AAAE7A5F40C3231DC3B0FFB2776C5F64,S3 Nürnberg(Hbf) to Neumarkt(Oberpf),
/AC14AB82499417AD23A107B93FF02435,S3 Nürnberg(Hbf) to Neumarkt(Oberpf),
/B466C89043E3FA89C84C0690E71F7404,S3 Nürnberg(Hbf) to Neumarkt(Oberpf),
/B5C500E44C26D2426FB659843DB275D6,S3 Nürnberg(Hbf) to Neumarkt(Oberpf),
/BA5CFC774B9D3B258CE20BA378FECBA0,S3 Nürnberg(Hbf) to Neumarkt(Oberpf),
/BEF4A2F64A05C6CC6605DBAD1151FB4F,S3 Nürnberg(Hbf) to Neumarkt(Oberpf),
/BF8B2B524F454B8A2BF65AA5399FEE08,S3 Nürnberg(Hbf) to Neumarkt(Oberpf),
/D1D338E34A23EC2C957DC4BE025A4080,S3 Nürnberg(Hbf) to Neumarkt(Oberpf),
/E5DBCB7F4C64A01B589C8CA759B3A294,S3 Nürnberg(Hbf) to Neumarkt(Oberpf),
/EF3977B9412F07B6F4E2AA95C72062C9,S3 Nürnberg(Hbf) to Neumarkt(Oberpf),
/F105C2CA459F8411F9829692A71B6220,S3 Nürnberg(Hbf) to Neumarkt(Oberpf),
/F397836346005F900F6E18923D70A014,S3 Nürnberg(Hbf) to Neumarkt(Oberpf),
/F52D09F9474987C0647BBCABEEFE8A22,S3 Nürnberg(Hbf) to Neumarkt(Oberpf),
/F85E94F34E5CE61C205C8DAC6D079ED0,S3 Nürnberg(Hbf) to Neumarkt(Oberpf),
/FB2C9104482E84BA84138A9D294172FC,S3 Nürnberg(Hbf) to Neumarkt(Oberpf),
/FC9F954746ECD4D2BA3A01A91B4E08B7,S3 Nürnberg(Hbf) to Neumarkt(Oberpf),
/1E60B54645AB3C92D80187AF5E788C27,SCHNELLFAHRSTRECKE NÜRNBERG - INGOLSTADT ROUTE INTRODUCTION,
/1A2AD902403210CCFEB072AF3EFACC6A,SEAT,
/336E43514F68875D48974B9AAC415E5A,SEAT,
/6E7CABD14A430446B67C7DBDE9A88A72,SEAT,
/838DB4B840F7F95B5D367DB562440840,SEAT,
/A05841AD4BCAA22BDAE4169E2E48CBC2,SEAT,
/CC81C57948977B622B9F9C85EB3C6951,SEAT,
/E055CDFD448E7CE743D6FB91D6CD43EB,SEAT,
/EC58798B471931404D9D8C89A79D31CB,SEAT,
/F5626D1D42C0D5945F21648FCB35A687,SEAT,
/142C4C3C47510C13AC9314ADF6A4BDBD,SET UP TRAIN,
/2E32E2C648D36D0439F6AAA9D9EC0FF3,SET UP TRAIN,
/2E8E1BDD4FAF3CF78565D195C7273490,SET UP TRAIN,
/35B728F347C0A5EB90212BA8734E50BD,SET UP TRAIN,
/368F94C441DB741C81DF27BDE7C568DE,SET UP TRAIN,
/434839784C1DE8BBE413D894534A614D,SET UP TRAIN,
/489124C24650C242C0F7B79B0F04A350,SET UP TRAIN,
/4958A0204FE7E0EC2CE6D199545E33EF,SET UP TRAIN,
/4EFAE4FE422E4A14D42C1284CF1CA45E,SET UP TRAIN,
/5F30FDAB4F3C52EEDB13B29AE180E053,SET UP TRAIN,
/63D7176A4FC95657FAF9BAB1E3566532,SET UP TRAIN,
/6BF95E32469EDDAD46C0658BAD74DE0C,SET UP TRAIN,
/6DB8A0E2403FE79596256CBC6B5785C2,SET UP TRAIN,
/7FAB7C77407FA72612A26AB54FD2AD69,SET UP TRAIN,
/8359CD7A428F55F7CF411599084FFACB,SET UP TRAIN,
/8A8159624205162BCCD7C6B13F9ED678,SET UP TRAIN,
/9E2BF4484158E1646DD95BA7B3621238,SET UP TRAIN,
/B7C0E86043EA06B22C8AA5AAAFF50C57,SET UP TRAIN,
/D18B19264DB053831D4537B31E4081D4,SET UP TRAIN,
/D293728646191023BC0298BA8C5D3A8E,SET UP TRAIN,
/D3D6A9FC42A00733F189B393B9364007,SET UP TRAIN,
/D62EF20F462ED5EA04B69AA8A7E30CEC,SET UP TRAIN,
/DBE61467455ED7ABF691ADB75B96C441,SET UP TRAIN,
/EF34D2184F72D703CDA152AA4E7627A9,SET UP TRAIN,
/FDF0832B4BB3E1DEA307508D04928728,SET UP TRAIN,
/91D7BEDF42FDA15AD398ABBB861D4F83,SIT DOWN,
/F7209A4B4746A5A7BCA51DA4F196287A,SIT IN SEAT,
/33382B2E4A3E91767C125E914E18FA03,SLOW DOWN,
/DD5FCE334CDC17C4B16F2EA87F5C6BCD,SLOW DOWN,
/77BE4CD14638299D0DA1898A5229066F,STATION APPROACHING,
/2166414146294ACFC8990F95E4CCE52D,STOP AT LOCATION,
/33ADA04C40689431ADA4DBB21EEB85BC,STOP AT LOCATION,
/8605FBDD49D1233BA882EFA423643FDB,STOP AT LOCATION,
/AF7D02F949F6A9115FE239AB7E246879,STOP AT LOCATION,
/CFE49852445BC3C99DAF6B81D40E95E5,STOP AT LOCATION,
/084C0FA04C6F1242CBEC04B9DE9F8FA4,STOP LOCATION,
/500E82D34F6063F5738019AE517CE2AA,Sbahn,
/D85866C44021F2FFD094E284701D91C1,ScB_TT,
/37457A32438C7642A748E3ACE3E47371,ScETT,
/8C9424E24E3E00765A6D609CDC541087,ScETT,
/96E385D94DA80F2099FAF1809C44A867,ScFTT,
/E869C1D04647C37EFB7E4D9A6073ADE8,ScFTT,
/1DAC4E3E4B7461B77207C9810008AA32,Schnellfahrstrecke: Nürnberg - Ingolstadt Route Introduction,
/189AB05A4025D0852437B2A1299B7B4E,Set the Brake Key to UNLOCKED,
/D3C04E2D43456BCB89E679880663F8C2,Set the Brake Key to UNLOCKED,
/3663C0AB46F40358C6FB47A465E3AAD5,Set the Cab lights to ON,
/17BA54FD44F0A95D8BD6EBA0C0D67733,Set the Door Control to CLOSE BOTH SIDES,
/F17B55A74E42D5E71B2171887CCC13AF,Set the Door Control to CLOSE BOTH SIDES,
/AA4053634F0D86D45B91458583C1507C,"Set the Door Control to OPEN LEFT, CLOSE RIGHT",
/DD89BEC84DF85901F9F904A4AF44EBDC,"Set the Door Control to OPEN RIGHT, CLOSE LEFT",
/1F42716A458A0D250D7BB781A3B4BB70,Set the Door Selection Switch to LOCKED,
/1421394F43E45E60B9BFD9B1F2B20199,Set the Door Side Selector to LOCKED,
/474485444F4304C57122978461979518,Set the Door Side Selector to RIGHT,
/78C7E1F04CCF3AC0FF3BA0ACDD1B9F0B,Set the Door Side Selector to RIGHT,
/EBD8D3DA499829453D0DE08F4111350C,Set the Door Side Selector to RIGHT,
/F3B8F9204F490B5EE42C2EB46CD370F7,Set the Door Side Selector to RIGHT,
/90FDE2AD456F5F1DAC8981ACA583C415,Set the Headlights to NORMAL,
/940D44E14AE29C1EBB5E6FBBB02A5AF7,Set the Headlights to NORMAL,
/BC4F3A9047C1695F353A639326E8360E,Set the Headlights to NORMAL,
/E81B61674F5C623E230409813B30D456,Set the Headlights to NORMAL,
/C390BA4948E4DC55FAF65580E102A259,Set the Passenger Doors to LOCK,
/E72C44BF446AD13BDC0162B077252E1E,Set the Passenger Doors to UNLOCK,
/6AFF6EFF45F119E8F05D718D3D4F63C4,Set the Reverser to FORWARD,
/F00EB5504AE8FA8D89CDCCB76C0C6347,Set the Reverser to FORWARD,
/FC50EA2F4C138D287F3A079E7111416E,Set the Reverser to FORWARD,
/1F6358424483CCC07521B3B945317BF2,"Set the Reverser to Forward, this controls the direction of travel.",
/45AD236F4BA28029694E60BC1378267E,"Set the Reverser to Forward, this controls the direction of travel.",
/489EFC9E4A985A483A72EC880623A1F5,"Set the Reverser to Forward, this controls the direction of travel.",
/74BFA29D45224287421B93AEDA92B826,"Set the Reverser to Forward, this controls the direction of travel.",
/882954154A08D783095204A4AC3FC7DA,"Set the Reverser to Forward, this controls the direction of travel.",
/E4F5A90449FA8E57DE4F66925C99CDD3,"Set the Reverser to Forward, this controls the direction of travel.",
/CB4A3B4C4B27E4C7A9D7EABC99D06B87,Set the Reverser to NEUTRAL,
/0A982D5B499744E434E632AF51B61826,Set the Reverser to the Neutral while we set up this cab.,
/2A5615A140FCF0E110829A8CAC24BDF9,Set the Reverser to the Neutral while we set up this cab.,
/6909E5704EC49A6E00549F8E215F61D7,Set the Reverser to the Neutral while we set up this cab.,
/68BBE89044F39EDF1182748EB4264CD6,Set the Signal Lights to HEADLIGHTS,
/ACA28A9D4145BB61E5A21A9383A49C69,Set the Signal Lights to HEADLIGHTS - REDUCED,
/617B11014446742762F05E98262A0C0F,Set the Throttle to OFF,
/B5FFE8F8478929FCE95FC49ECCCB860E,Set the Throttle to OFF,
/D0FD2CB14C23066C41F337AF91542A7D,Set the Throttle to OFF,
/FE1CA64C47624F04C7442AA88CA5CBE4,Set the Throttle to OFF,
/2D4EDCD9432591BBC0F4E4AD105B9344,Set the Train Brake to RELEASE,
/8653938A48BBDE553D5225B81AF6583E,Set the Train Brake to RELEASE,
/7B0B51A64824F82BB4CCCDA02E75897D,Set the Train Brake to RUNNING,
/8540B55745CB58225B9696AA8E1C6925,Set the Train Brake to RUNNING,
/618598FC46917BF4804367A50897C23E,Set the brake key to LOCKED,
/06D255344465989169B2688E1C04840C,Set the brake key to UNLOCKED,
/37548E3D46648D94969ACFB2BC56F391,Set the brake key to UNLOCKED,
/76892E814A419724828E85B82F5915F4,Set the headlights to NORMAL,
/B6363332488C728933FAC299ABB670D8,Set the headlights to NORMAL,
/EFEEDAC44290E6CB8BBE8FAC6FC5D746,Set the headlights to NORMAL,
/5EEF2AB24C8CB4AF4A5540A971DC63D1,Set the headlights to indicate that this train is operational.,
/B68D20EE43DE2EC95543FE9B0D27B5DB,Set the headlights to indicate that this train is operational.,
/D367C77946BD39589D752BBE5BCF9426,Set the headlights to indicate that this train is operational.,
/21526B034A451724E2386DA03D6EE7EF,Set the headlights to let others around us know this train is operational.,
/463188F147270C38FC03C0998CBF58EF,Set the headlights to let others around us know this train is operational.,
/A35A992446F1F65585F89C87D1D8A796,Set the headlights to let others around us know this train is operational.,
/229B45AC48A58FA9EEDAB7BCF52EE89B,Set the headlights to let others around you know this train is operational.,
/83CE8F4A48E3ADB9322DFBA3EEDA27C7,Set the headlights to let others around you know this train is operational.,
/E2332334435BABF59D83A2B4156F7C64,Set the headlights to let others around you know this train is operational.,
/CCF1B837437166EBF859DEA0F261AA77,Set the master lights to ON,
/0318658F429A5ED000F4CAB23AA3AF23,Set the reverser to FORWARD,
/1BB00BD94EA3BBAFF5157A83131D4C1F,Set the reverser to FORWARD,
/233C4AA84CA940BFD0BCDEA78817A2A1,Set the reverser to FORWARD,
/BEA3E50449B00C7B585E99ABAEDE2FC3,Set the reverser to FORWARD,
/C7BA500249646328229E6F9883D2F78F,Set the reverser to FORWARD,
/E5734B914EE7B9FEA7DB6C8EDA82FA5C,Set the reverser to FORWARD,
/1BA075424AB01156E308A694492FC082,Set the reverser to OFF,
/6252E25E41ADF366E968DCBF4AD48033,Set the reverser to OFF,
/8B1DEB954FEB3BD246E79BA35B315899,Set the reverser to OFF,
/B1B270FF4CB1D444205B3FBEFA0F9901,Sit down in an available seat,
/2E861C7D4B8F89B810950C9B94BC6358,Sit down on the driver seat.,
/802222A9485EFE257A9B208A34EA2F99,Sit in driver seat,
/F7D52B9B462F354F05AF869DC1BF8F4F,Sit in driver seat,
/4ACC19DF4BE486542826CD85D6024944,"Sit in driver's seat",
/18DDCDA34006E98F55C7DE956F3026CA,Sit in drivers seat,
/206D938F4F1B3FB9DD60EF97AEBB5E9A,Sit in drivers seat,
/52DB8D32487DA5196716B594A1C6E926,Sit in drivers seat,
/0C38B4FF4CD1853C7A5F2C89C6CD9BE6,"Sit in the Driver's seat to begin.",
/7812528D46724FD7A76837A7BA0586CF,"Sit in the Driver's seat to begin.",
/95F89EF24F1B178AFD23B2B9CD1B6B03,"Sit in the Driver's seat to begin.",
/07DD34AF4CBB51DB63A217BCB35FE3C0,Sit in the Drivers Seat,
/5AD196494A0D2A81D4787D94E082723A,Sit in the Drivers Seat,
/0FAC0BEB40855446744585A980881755,Static111Dostos,
/38DB6DEB4E6520883A7989A38B292085,Static111Dostos,
/82532C624D67BEF822D4EDB69C5BD921,Static111Dostos,
/B8B3A5EE44E68FB6D14497A2E2C6BD10,Static111Dostos,
/D5C1A4DD4D3F229D13406FB0C0C60DF2,Static111Dostos,
/505653BA4E5CDB88C083A48BF9E33587,Static294,
/5AEFFB5B47FCEAE10275448978405DFE,Static294,
/7FE3BAED4ECAF1C5D8C317B043AAF51B,Static294,
/A148225349896A0845CBC6949F52FBD7,Static294,
/F0CB9BB94AB63774D4D29491E44EBCEC,Static294,
/07CE7BF446EB63826DF08CABB3FD8148,Static442,
/0DD7882744D4AC06C48C4DBFF62D4EB3,Static442,
/2471A58F4C77A62D51854186144E5893,Static442,
/3190D61B4ABCB6E6ADE6698A3F31360B,Static442,
/7697B60F4042F4BECD5FB3BF05AD4A93,Static442,
/611168EE43CA97BB47D8B983CCD48721,Static642,
/6E2A17244C6B4F9BEAFC14B8E7D41AE3,Static642,
/73C6346046BE59450CAC2A9AF1E02BE5,Static642,
/A273015543C8C8EE4557BEBEE426D81F,Static642,
/DDE39CB945DB4BD3054454ACBD6CCBF8,Static642,
/052D2A5541EE3BE6624928BE351C1BB1,StaticFreight,
/0A46742E4EE7FF71BF64BA96EBF31D58,StaticFreight,
/996FDD30444AB24323FF5F9CCE8C126E,StaticFreight,
/D0BC1BD040F4B05851B419890EB87E19,StaticFreight,
/2CD9E721426F85E0431ECAA8DFDD72BF,Station,
/4D9CB3C548E93829DFD246878FDDF0EB,Station,
/612BF890435F045790BEA4A77F6171A8,Station,
/037E68C5455BDAA986816490D49F9690,Station One Platform 2,
/3193F87F4442E10153A58FA13205F616,Station One Platform 2,
/6DC7D611487C65E21DC810B9DBA76CF5,Station One Platform 2,
/8269D98140D396D283C4269A7931673B,Station One Platform 2,
/D0F42353493949D9BDD1CDA6B2DABA56,Stop the front of the train on the green section of the marker,
/DBE44788407B6CBC25A32F96C67B0D82,Stop the front of the train on the green section of the marker,
/E472BC47464DDFACC553BD82297BDDCE,Stop the front of the train on the green section of the marker,
/27DA81674188B068C2A5A6A9E56E3D97,THROTTLE,
/57FFFA1F4A7FEC74DAD0B3A351FBBAAA,THROTTLE,
/FBAB4C4A41D754DBC6D5CCB463298E2E,THROTTLE,
/843DCA5B4397E3CBF075FB8E509C48A7,TRAIN BRAKE,
/AB14611C4AD28AC19C059089CFB72068,TRAIN BRAKE,
/B1D62E58499B4C5363D37AA962B59E6D,TRAIN DOORS,
/73FA093A4DE6187FDCFFA4ABB2AB4C10,Take a brief ride along the Schnellfahrstrecke Nürnberg - Ingolstadt route and learn what is available to be discovered.,
/9DA30F0E46A4CE222B0A43A6BFBAC8E9,"Take a seat in the Driver's seat.",
/B1AF83EF4670584E569601B9169D8B0F,"Take a seat in the Driver's seat.",
/B70CEBFB497787BEA1C5E0A41F40276B,"Take a seat in the Driver's seat.",
/25D85DD143EF6675BF74A6836902D214,Take a seat; the Train is just about to leave.,
/27EEEE7749262F5B28EC19AB06C75A5D,Take a seat; the Train is just about to leave.,
/7B2DCECE4E8EE9D3C7A4E085B58D09A9,Take control of busy rush hour services in both the ICE 3 and the München Nürnberg Express.,
/CC4AEB8E4B972DECE0292DA13A784C1A,"Take the ICE 3 for a test run and try to drive as fast as possible. Observe the speed limits in Nuremberg and Ingolstadt. On open track, drive at full throttle. All train control systems will remain switched off during this journey.",
/6691A7A8490D65F024F3F1BC6EB9D724,"The ICE 3 runs at speeds of up to 300km/h in Germany, although they've reached speeds of 368km/h in testing.",
/8A7EAB1645EE5420BC868F9D551754F0,"The ICE 3 runs at speeds of up to 300km/h in Germany, although they've reached speeds of 368km/h in testing.",
/DDD049D84DCD89A262DD71A293D9F1A9,"The ICE 3 runs at speeds of up to 300km/h in Germany, although they've reached speeds of 368km/h in testing.",
/6EDB6BC0400F083CB75348AE53CAC368,The main line via Treuchtlingen is blocked because of maintenance and this cargo needs to be in Munich in 4 hours.,
/9C683DA54C315F0470C749BB79319016,"The route we’re about to discover is a 300km/h highspeed route, opened in 2006 to further increase the germany highspeed network.",
/DDB7BA35467D74F2047FAC8CCF5B064E,The station is the biggest non terminus station in Europe and has 22 platforms.,
/0F29AB67430B8CD314A0B88BC5C244E8,The train is now ready to depart.,
/6E1430284C8ACE58987947BAE1373EA8,The train is now ready to depart.,
/C3C9875841CE15F65AA90E912F303191,The train is now ready to depart.,
/69BA0535468FCD87B5767BA57DE9E712,The train is now ready to depart. Release the brakes and apply some power to get moving. You’ll be doing one circuit of the training center and aim to come to a stop back at this station again afterwards.,
/735446064F219F35BF277B958C5F2E7B,The train is now ready to depart. Release the brakes and apply some power to get moving. You’ll be doing one circuit of the training center and aim to come to a stop back at this station again afterwards.,
/EACE2303431A8F3350F18EB97C159769,The train is now ready to depart. Release the brakes and apply some power to get moving. You’ll be doing one circuit of the training center and aim to come to a stop back at this station again afterwards.,
/B212D9484637C2AF3D4C2CBC234E15A1,"There are more route tasks to discover. Make sure to apply missing route maps, place first aid kits, clean up paint cans and paint the gnomes.",
/7CF3274C4FE01D2F2446E89739920C36,"There are more route tasks to discover. Make sure to apply missing route maps, place first aid kits, place tunnel signs and discover fossils.",
/24AF08494A38B5C41AE0C4847F2041B4,These are the third generation of Intercity Express trains and have been in operation in Germany since the year 2000.,
/65FCF61D4F0B82325A794CA40928138E,These are the third generation of Intercity Express trains and have been in operation in Germany since the year 2000.,
/C9E7E3E34B5A3F90CA2B869660F18BFD,These are the third generation of Intercity Express trains and have been in operation in Germany since the year 2000.,
/83CBE41C42B8B1A2252F879EFC5EBB81,This high-speed electrical multiple unit is manufactured by Siemens and is operated in Germany by Deutsche Bahn.,
/D195DE42474BA2FF875A509ED44A26A5,This high-speed electrical multiple unit is manufactured by Siemens and is operated in Germany by Deutsche Bahn.,
/E290F7524A7322E93B3115BBE568740B,This high-speed electrical multiple unit is manufactured by Siemens and is operated in Germany by Deutsche Bahn.,
/398C549E44490035E961AB886BE28749,This locomotive requires the Reverser Handle to be inserted before operation.,
/81DD2DEC4AE9B3380EDDA4A3A590A443,This locomotive requires the Reverser Handle to be inserted before operation.,
/920B15EA4761A106FEE0DCA8A7588FCA,This locomotive requires the Reverser Handle to be inserted before operation.,
/13417169484E47BBC0C12CA5E601D2C0,"To begin coasting, move the Throttle to the Off position, this will stop any power being applied.",
/142012694A8560B51AEC559A0E03ADB4,"To begin coasting, move the Throttle to the Off position, this will stop any power being applied.",
/EEF2757C494D565EB95A618E3CA15573,"To begin coasting, move the Throttle to the Off position, this will stop any power being applied.",
/081917334D13160D8ECD9B89DD05727F,"To climb aboard, first open the cab door then use the steps",
/88F1C62B4F07D850DC3AF4927FCABF5D,"To climb aboard, first open the cab door then use the steps",
/C807BB564737CF1581A4E8AD90FADA05,"To climb aboard, first open the cab door then use the steps",
/0212653D40B608F9558B73972360EC22,Turn on the train lights,
/A6DC4D8443637C3F0BAF2A9DB5167C4C,Turn on the train lights,
/928B9921490FB96C194C17B1AED7CB31,Turn the brake key to ON,
/CF889ED34013E5D69EA605AD1737BC02,Turn the brake key to ON,
/77A84AEC48A39DA2DF219FA6B7E55D0F,Turn the master lights to ON,
/610D8F8444E24B977CE4B3B83750E0E9,UNLOCK DOORS,
/819C8D15453382D408A9C68FCF1946AA,UNLOCK DOORS,
/0824697D4D9902F29906D4936C1E8DBD,Unlock the brakes with the Brake Key to allow braking to be controlled from this cab.,
/0D5256B249F957669487068D1FF92BF0,Unlock the brakes with the Brake Key to allow braking to be controlled from this cab.,
/2482FDC947FDAB478FE1ECAE70CBAA5F,Unlock the brakes with the Brake Key to allow braking to be controlled from this cab.,
/6477521B492220E947D5B78C94BCE9AD,Unlock the brakes with the Brake Key to allow braking to be controlled from this cab.,
/67F169624EB3592A99E419946B477410,Unlock the brakes with the Brake Key to allow braking to be controlled from this cab.,
/EF1DF025478FEE48BB2191B3BA055B98,Unlock the brakes with the Brake Key to allow braking to be controlled from this cab.,
/7852FEA54C6699F2D01496842093C281,Unusual Freight,
/DB85B86B40E60B0F08E3D099644D18A2,Unusual Freight,
/0CC185ED4AD68047F44271A5BDBEF759,Use the Door Control switch and set the doors to open.,
/74728D3847023C283C2DAE87257AD8B4,Use the Door Control switch and set the doors to open.,
/78B502B54731BCE896A26BB99A559550,Use the Door Control switch and set the doors to open.,
/4473336246866A10C9DAF49D127ED1C7,Use the Door Selection Switch to allow the correct doors to open.,
/C6499AB042BA6FE094BD3B9A61F1D872,Use the Door Selection Switch to allow the correct doors to open.,
/F4BAA8204E7ECDF44A197F9CCEEB8E0B,Use the Door Selection Switch to allow the correct doors to open.,
/44EFF7EF40344699B3127586FF48A851,Use the Power Handle to apply full brake force and apply additional brake with the Train Brake as required.,
/60F31D8B4CFF8670A907DABD7840B2AE,Use the Power Handle to apply full brake force and apply additional brake with the Train Brake as required.,
/F8538E7D4A4526DFD5F38F97D2A2F370,Use the Power Handle to apply full brake force and apply additional brake with the Train Brake as required.,
/A5CA6D564B3F731AECF110939DFA8E8E,Use your key to open the locked doors.,
/4F0B445D461A22658FFFB798F81229F3,WAIT,
/5984F260492137D879C012B7ABC15453,WAIT,
/E6C609E04622667E3B0458A05D62C3D0,Wait for Doors to open.,
/79E8C8914A2BA18114AFFE90157F609D,Wait for Train,
/50BE8EC34AE60C99C7D3B78AA604C9C3,We now have to wait for 1 ICE to pass us. Once he passed we can continue our journey.,
/C0E21AB4458643B181DADAA4DB20CB9E,We now have to wait for 2 ICE to pass us. Once they passed us we can continue our journey.,
/3FB543E44218D8279E862EBB857A8BDA,"We're now going to try to hit our top speed. Try to reach it before we get to Nürnberg.",
/CC6A4DED431AD45ADA5E318B7BB7D369,Welcome to Ingolstadt. Today we will be operating an ICE3 to Nürnberg,
/AC74953643C913C76B0ADDB2639876AB,"Welcome to Leipzig Hauptbahnhof located in Leipzig, Saxony, Germany.",
/3B27856547DBAF743C927EA15E1C2D7F,Welcome to Nürnberg Frankenstadion. Today we will be operating a Freight train with de-icing fluids to Ingolstadt.,
/C7A2B9DF46334E09742002BF7ED307A0,"Welcome to Nürnberg Hauptbahnhof located in Bavaria, Germany.",
/D524C56C45908EB716AB64BF209B3428,Welcome to the Training Center,
/E90A4BC24AEF8C805239A381DC2DC06A,Welcome to the Training Center,
/231724A6449E49E0ACAE17BE705889AD,"When you're ready to begin, climb aboard.",
/45E6B33D4B798A41FA840DBED64DB0A8,"When you're ready to begin, climb aboard.",
/D6B7358240EA14A2B7A017A8BD8F79F6,"When you're ready to begin, climb aboard.",
/00C2A31B494DA0FD8A6CB392C356E313,You are approaching the station. Begin applying a small amount of braking force by moving the Brakes into the braking range.,
/31081CC147F36097EA72B79C873ADE6D,You are approaching the station. Begin applying a small amount of braking force by moving the Brakes into the braking range.,
/4B82951E4AF1B45C8FAB598A2A8B054E,You are approaching the station. Begin applying a small amount of braking force by moving the Brakes into the braking range.,
/8E4ED53342207F7127495CB3547F9DFB,You are approaching the station. Begin applying a small amount of braking force by moving the Brakes into the braking range.,
/B6AD12694D55AF8C29A53FB14556F9E6,You are approaching the station. Begin applying a small amount of braking force by moving the Brakes into the braking range.,
/BE6BBF1A4F276802A7520A885FB6DE9B,You are approaching the station. Begin applying a small amount of braking force by moving the Brakes into the braking range.,
/64442F834B825B99B30F29889E7C76BB,You can access the live map by pressing 9. Use this to view the path of the train and set junctions as needed.,
/7B54D6964574FA02E98F1FBB8476C0D7,You can access the live map by pressing the View button. Use this to view the path of the train and set junctions as needed.,
/77BA290A4BD74E167943409F56672C07,You can access the live map using the touch pad button. Use this to view the path of the train and set junctions as needed.,
/4D6FA55C4D70FEEA60603E96C83E7F4F,"You can also use ' to apply Braking",
/388C54FD4D7E84A2F77B7F98B7D53BC8,You can also use ; to release the brakes,
/0B33D40E47AEB8301C2EF9BDF50B1C45,You can also use A to increase the Throttle,
/8B5345B748DF57B1B087F3B26F303F0E,You can also use D to decrease the Throttle,
/AFB482504A43E34C8E525DBBD0188E36,You can also use H to toggle the Headlights,
/D3C589DF42CE4C8A0D80A7BB0A597524,You can also use L1 button to release the brakes,
/8CF15DD244F3686A1510899CAC4C0671,You can also use L2 button to apply Braking,
/3B7A6AD64E2AFE804971B2BA680ABFBC,You can also use Left Bumper to release the brakes,
/B5DA26E641292DBF70A7739233A6CE0C,You can also use Left Trigger to apply Braking,
/9833E7E141AAD91C2EEB0D9A19619894,You can also use R1 button to decrease the Throttle,
/6B7FE0B546229CC78AACC8AE024A38EA,You can also use R2 button to increase the Throttle,
/8D42992E416A155A3346FBB73AC70E53,You can also use Right Bumper to decrease the Throttle,
/0237310E40C7B940E5202BB990B165C4,You can also use Right Trigger to increase the Throttle,
/58E995BF4379B181B8CF32B489AAA603,You can also use the END Key to release PZB ,
/523EB85447FF3CF79D3D9583156EB085,You can also use the Right arrow on the D-Pad to release PZB,
/F262C7434B5D663937DA41A38B6ADEFF,You can also use the right directional button on the D-Pad to release PZB,
/B2D9831D4372BF2A89EFE7BB3211D639,You have reached a maximum speed of {0}km/h. Good job!,
/24CA70464461E4317B545DABF88ACB88,You learnt the basics of the BR 101.,
/984A7F1C406AF46C72161E93A7418B13,You learnt the basics of the BR 403 ICE 3.,
/15D8109D4459825124D8C9A6EC8221BD,You learnt the basics of the Cab Car.,
/D60DEE21402A8FA74F5499B2EE8EEE0F,You mastered driving the ICE 3 and BR101 in many challenging situations.,
/E84D84BF490E11B6593677836DC1B496,You overcame some of the most challenging conditions that the ICE3 and the München Nürnberg Express face.,
/D4BD254B44C09333FED03CAD39024817,You took control of busy rush hour services in the ICE 3 and the München Nürnberg Express.,
/46DA6D9143ECF83767F101A83A0852D9,You will be driving the train a short distance and performing passenger operations.,
/5BDAD634400E25ADF2DDDD9EB9C31110,You will be driving the train a short distance and performing passenger operations.,
/89B4D6DE4AA68FFA630277A21E61C1F1,You will be driving the train a short distance and performing passenger operations.,
/7135A4EA42980CF826614080D9CE81DA,"You will need to open the door, then climb up the steps",
/7E6C63F24F1C32E026067681A37C363E,"You will need to open the door, then climb up the steps",
/BB70785841842FED5A5F9DA5A91F8E7A,"You will need to open the door, then climb up the steps",
/D8DD533343489528841F3680A6B4F478,ZWS is needed so the loco recognises the Cab Car. Let´s enable it.,
/DCF64A264D266B1C708C6EB73850472D,ZWS is needed so the loco recognises the Cab Car. Let´s enable it.,
/E05AC6CC40AC03C3EC649BA6CA48DB7B,ZWS is needed so the loco recognises the Cab Car. Let´s enable it.,
/50A845034AD7F267DCEB04A3BCC9D367,[button] START,
/8FDAE02D4C8090AD1BB08BA913A1273E,the BR 403 ICE 3 Introduction,
/F9D41C3249B7034CC65EACAB7AE2ED04,the Schnellfahrstrecke: Nürnberg - Ingolstadt Introduction,
/6D7133EA4577AA792E5824A34B51942E,{0}KM/H REACHED!,
/681417FC4932B7F4CC3799BF1FA7C372,{distance}m,
